id,title,original_title,release_year,vote_average,genres,cast,director,overview,poster_url,poster_local,tmdb_id,runtime,tagline
27205,盗梦空间,Inception,2010,8.1,"Action, Sci-Fi, Adventure","Actor 1, Actor 2, Actor 3, Actor 4, Actor 5",Christopher Nolan,道姆·柯布与同事阿瑟和纳什在一次针对日本能源大亨齐藤（渡边谦 饰）的盗梦行动中失败，反被齐藤利用。齐藤威逼利诱因遭通缉而流亡海外的柯布帮他拆分他竞争对手的公司，采取极端措施在其唯一继承人罗伯特·费希尔的深层潜意识中种下放弃家族公司、自立门户的想法。为了重返美国，柯布偷偷求助于岳父迈尔斯，吸收了年轻的梦境设计师艾里阿德妮、梦境演员艾姆斯和药剂师约瑟夫加入行动。在一层层递进的梦境中，柯布不仅要对付费希尔潜意识的本能反抗，还必须直面已逝妻子梅尔的处处破坏，实际情况远比预想危险得多……,https://image.tmdb.org/t/p/w500/89W962aAnPS3N3BdKgy2BvUhnCh.jpg,assets/posters/27205.jpg,27205,148,你的梦境 就是 犯罪现场
155,蝙蝠侠：黑暗骑士,The Dark Knight,2008,8.2,"Action, Crime, Thriller","Actor 1, Actor 2, Actor 3, Actor 4, Actor 5",Christopher Nolan,蝙蝠侠在打击犯罪的战争中加大了赌注。在吉姆·戈登警长与地方检察官哈维·丹特的协助下，蝙蝠侠决心清除肆虐哥谭街头的残余犯罪组织。这一联手行动卓有成效，但他们很快发现自己沦为了一场混沌统治的猎物——这场混乱由一位新兴犯罪大师所掀动，惶恐的哥谭市民称他为“小丑”。[华纳兄弟影业],https://image.tmdb.org/t/p/w500/xUX0sVHmukGTYLTyqmSF5hpktOU.jpg,assets/posters/155.jpg,155,152,黎明前的夜是最漆黑的
157336,星际穿越,Interstellar,2014,8.1,"Adventure, Drama, Sci-Fi","Actor 1, Actor 2, Actor 3, Actor 4, Actor 5",Christopher Nolan,近未来的地球黄沙遍野，小麦、秋葵等基础农作物相继因枯萎病灭绝，人类不再像从前那样仰望星空，放纵想象力和灵感的迸发，而是每日在沙尘暴的肆虐下倒数着所剩不多的光景。在家务农的前NASA宇航员库珀接连在女儿墨菲的书房发现奇怪的重力场现象，随即得知在某个未知区域内前NASA成员仍秘密进行一个拯救人类的计划。多年以前土星附近出现神秘虫洞，NASA借机将数名宇航员派遣到遥远的星系寻找适合居住的星球。在布兰德教授的劝说下，库珀忍痛告别了女儿，和其他三名专家教授女儿艾米莉亚·布兰德、罗米利、多伊尔搭乘宇宙飞船前往目前已知的最有希望的三颗星球考察。他们穿越遥远的星系银河，感受了一小时七年光阴的沧海桑田，窥见了未知星球和黑洞的壮伟与神秘。在浩瀚宇宙的绝望而孤独角落，总有一份超越了时空的笃定情怀将他们紧紧相连……,https://image.tmdb.org/t/p/w500/c35Vwd9rmMQfaEJuUrJRF3LZWJX.jpg,assets/posters/157336.jpg,157336,169,人类的下一步将迈向非凡
24428,复仇者联盟,The Avengers,2012,7.4,"Sci-Fi, Action, Adventure","Actor 1, Actor 2, Actor 3, Actor 4, Actor 5",Various Directors,一股突如其来的强大邪恶势力对地球造成致命威胁，没有任何一个超级英雄能够单独抵挡。长期致力于保护全球安危的神盾局感到措手不及，其指挥官尼克·弗瑞意识到他必须创建一个“史上最强”的联盟组织， 云集各方超级英雄一起发威，才能拯救世界于水深火热，抵御黑暗势力的侵袭。于是由六大超级英雄——“钢铁侠”、“雷神” 、“美国队长”、“绿巨人” 、“黑寡妇”和“鹰眼”组成的 “复仇者联盟”应运而生。他们各显神通，团结一心，终于战胜了邪恶势力，保证了地球的安全。,https://image.tmdb.org/t/p/w500/oZHqIjWOu8zKFtBfv4s9iEHoZjU.jpg,assets/posters/24428.jpg,24428,142,群侠集结 终极一战
19995,阿凡达,Avatar,2009,7.2,"Action, Adventure, Sci-Fi","Actor 1, Actor 2, Actor 3, Actor 4, Actor 5",Various Directors,杰克·萨利是一名身困轮椅的前海军陆战队员。尽管身躯残破，杰克内心仍是一名战士。他受招募前往数光年外的潘多拉星球人类前哨站——一家企业集团正在那里开采一种稀有矿物，这被认为是解决地球能源危机的关键。由于潘多拉的大气对人类有毒，他们启动了“阿凡达计划”，将人类“驾驶员”的意识与一具能在致命空气中存活的远程控制生物躯体“阿凡达”相连。这些阿凡达是通过人类DNA与潘多拉原住民纳威人的DNA混合基因工程培育的杂合体。以阿凡达之躯重生后，杰克得以再次行走。他奉命渗透纳威人，后者已成为开采珍贵矿石的主要障碍。但一位美丽的纳威女性妮特丽救了杰克的命，这改变了一切。杰克被她的部落接纳，学习成为他们的一员，历经诸多考验与冒险。随着杰克与这位不情愿的导师妮特丽的关系加深，他逐渐学会尊重纳威人的生活方式，并最终在他们之中找到了自己的位置。很快，他将面临终极考验，带领纳威人投入一场决定整个世界命运的史诗之战。[20世纪福克斯],https://image.tmdb.org/t/p/w500/bwKhj6tHlm8hiw9QjhpooJjQWgG.jpg,assets/posters/19995.jpg,19995,162,超越想象 新世界
293660,死侍,Deadpool,2016,7.4,"Action, Adventure, Comedy","Actor 1, Actor 2, Actor 3, Actor 4, Actor 5",Various Directors,油嘴滑舌的雇佣兵韦德·威尔森与俏皮可爱的瓦内莎邂逅，但在爱情最美满的时刻，他被诊断患有晚期癌症，留在世上的时间所剩无几。极度绝望之际，他接受了弗朗西斯私人组织的邀请，对其基因做了改造，以谋求体能的突变。在忍受了一系列的残酷折磨后，韦德终于治好了癌症，蜕变成拥有不死之身的超级战士，但是代价却是失去了人类的面容。狡猾的弗朗西斯逃之夭夭，而韦德却无法以恐怖的面容去面对女友。在此之后，他化身死侍，穿梭于每一个黑暗角落，寻找阿贾克斯的踪影。,https://image.tmdb.org/t/p/w500/lGItu9eqKT91kRGbaSsHUSEi2jV.jpg,assets/posters/293660.jpg,293660,108,不死现身
68718,被解救的姜戈,Django Unchained,2012,7.8,"Drama, Western","Actor 1, Actor 2, Actor 3, Actor 4, Actor 5",Various Directors,1858年，美国南北战争前两年。德国赏金猎人金·舒尔茨（克里斯托弗·瓦尔兹 Christoph Waltz饰）从贩奴商人手中买下黑奴姜戈（杰米·福克斯 Jamie Foxx饰），让其重获自由。舒尔茨实则是要把姜戈培养成无法无天的赏金猎人，为其缉拿各种通缉犯以换取报酬。姜戈的唯一条件是：从暴虐的糖果庄园主卡尔文·坎迪（莱昂纳多·迪卡普里奥 Leonardo DiCaprio饰）手中解救出自己的妻子布鲁姆希尔达（凯丽·华盛顿 Kerry Washington饰）。,https://image.tmdb.org/t/p/w500/nZg8if95sX3Rbww7KW3UbuQVeyK.jpg,assets/posters/68718.jpg,68718,163,生命、自由与复仇的追求。
550,搏击俱乐部,Fight Club,1999,8.3,"Drama, Thriller","Actor 1, Actor 2, Actor 3, Actor 4, Actor 5",Various Directors,杰克( 爱德华·诺顿 Edward Norton 饰)是一个充满中年危机意识的人，他非常憎恨自己的生活及一切，再加上他患有严重的失眠症，所以他常常参加各种团体咨询会，只为了能接触人群。在某一个团体咨询会上，杰克遇上了一个跟他同样理由来参加的女烟枪，玛拉(海伦娜·邦汉·卡特 Helena Bonham Carter  饰)，在莫名激素的影响下，杰克和玛拉一起逃离了咨询会，两人的情愫因而滋生…  一个偶然的机会，杰克遇到了卖肥皂的商人泰勒(布拉德·皮特 Brad Pitt 饰)，一个浑身充满叛逆、残酷和暴烈的痞子英雄，并因为自己公寓失火而住进了泰勒破旧不堪的家中。两人因缘际会地成为了好朋友，并创立了“搏击俱乐部”：一个让人们不戴护具而徒手搏击，宗旨在于发泄情绪的地下组织。,https://image.tmdb.org/t/p/w500/9Y7Jy2qOeaxKV4ds8HuvOY0IjnN.jpg,assets/posters/550.jpg,550,139,搏击俱乐部的第一条规则是你不要谈论搏击俱乐部
118340,银河护卫队,Guardians of the Galaxy,2014,7.9,"Action, Sci-Fi, Adventure","Actor 1, Actor 2, Actor 3, Actor 4, Actor 5",Various Directors,彼得·奎尔（克里斯·帕拉特 Chris Pratt 饰）是一个从小被劫持到外太空的地球人，在义父勇度（迈克尔·鲁克 Michael Rooker 饰）的培养下成了一个终极混混，自称“星爵”。一次行动中他偷了一块神秘球体，便成为了赏金猎人“火箭浣熊”（布莱德利·库珀 Bradley Cooper 配音）、树人格鲁特（范·迪塞尔 Vin Diesel 配音）的绑架目标，而神秘的卡魔拉（佐伊·索尔达娜 Zoe Saldana 饰）也对神秘球体势在必得。经过笑料百出的坎坷遭遇，星爵被迫和这三人，以及复仇心切的“毁灭者”德拉克斯（戴夫·巴蒂斯塔 Dave Bautista 饰）组成小分队逃避“指控者”罗南（李·佩斯 Lee Pace 饰）的追杀。然而这个神秘球体拥有无穷的力量，小分队必须团结一致对付罗南，才有可能解救整个银河系，银河护卫队由此诞生。,https://image.tmdb.org/t/p/w500/cOzP3TjKLKXnxD480vVkQBWyP4Q.jpg,assets/posters/118340.jpg,118340,121,当复仇者联盟在拯救地球 他们在拯救全宇宙
603,黑客帝国,The Matrix,1999,7.9,"Action, Sci-Fi","Actor 1, Actor 2, Actor 3, Actor 4, Actor 5",Various Directors,不久的将来，网络黑客尼奥对这个看似正常的现实世界产生了怀疑。他结识了黑客崔妮蒂，并见到了黑客组织的首领墨菲斯。墨菲斯告诉他，现实世界其实是由一个名叫“母体”的计算机人工智能系统控制，人们就像他们饲养的动物，没有自由和思想，而尼奥就是能够拯救人类的救世主。可是，救赎之路从来都不会一帆风顺，到底哪里才是真实的世界？如何才能打败那些超人一样的特勤？尼奥是不是人类的希望？这是黑客的帝国，程序和代码欢迎大家的到来。,https://image.tmdb.org/t/p/w500/vsTC6jddyfy25GirpCVtZ7GOB7A.jpg,assets/posters/603.jpg,603,136,欢迎来到现实世界
680,低俗小说,Pulp Fiction,1994,8.3,"Thriller, Crime, Comedy","Actor 1, Actor 2, Actor 3, Actor 4, Actor 5",Various Directors,数段相互勾连的罪案谜局，在洛杉矶的地下世界交织成一副时空交错的拼图。,https://image.tmdb.org/t/p/w500/WZW5PCtCbtyKfojdLlPCi89DNx.jpg,assets/posters/680.jpg,680,154,仅仅因为你是一个角色并不意味着你有角色。
278,肖申克的救赎,The Shawshank Redemption,1994,8.5,"Drama, Crime","Actor 1, Actor 2, Actor 3, Actor 4, Actor 5",Various Directors,安迪·杜佛兰被错判谋杀妻子及其情人，在缅因州肖申克服刑，判处两项无期徒刑接连执行。影片背景设定于1940年代，展现安迪如何在残酷的监狱环境中艰难求生，甚至赢得狱友们的敬重——尤其是与老囚徒“瑞德”·雷丁之间深厚的友谊。,https://image.tmdb.org/t/p/w500/x6cLNyJWKK7jdaqL9UNPlvJJoVD.jpg,assets/posters/278.jpg,278,142,恐惧会将你囚禁，希望则能让你获得自由。
120,指环王1：护戒使者,The Lord of the Rings: The Fellowship of the Ring,2001,8.0,"Adventure, Fantasy, Action","Actor 1, Actor 2, Actor 3, Actor 4, Actor 5",Various Directors,J.R.R.托尔金的文学巨著首次以电影形式磅礴呈现——这是一场正义对抗邪恶的史诗冒险，一段关于友谊力量与个人勇气的传奇，更是一次为人类纪元开辟道路的英雄征程。,https://image.tmdb.org/t/p/w500/dvNHlWMxba5f9r8xS9tILLUig8m.jpg,assets/posters/120.jpg,120,228,至尊戒 驭众戒
49026,蝙蝠侠：黑暗骑士崛起,The Dark Knight Rises,2012,7.6,"Action, Crime, Drama, Thriller","Actor 1, Actor 2, Actor 3, Actor 4, Actor 5",Christopher Nolan,检察官哈维·登特（艾伦·艾克哈特 Aaron Eckhart 饰）死后的八年间，哥谭市在戈登警长（加里·奥德曼 Gary Oldman 饰）的努力下有效地遏制了犯罪活动。而蝙蝠侠布鲁斯·韦恩（克里斯蒂安·贝尔 Christian Bale 饰）因为背负谋杀登特的罪名，被 警方通缉，在哥谭市销声匿迹。然而，这看似平静的状态被恐怖分子贝恩（汤姆·哈迪 Tom Hardy 饰）的出现打破，他利用猫女（安妮·海瑟薇 Anne Hathaway 饰）偷取布鲁斯的指纹，致使韦恩集团面临破财，布鲁斯被赶出董事会。为了保证韦恩集团投资的能源项目不被坏人利用制造核弹，布鲁斯帮助米兰达（玛丽昂·歌迪亚 Marion Cotillard 饰）成为董事会主席。贝恩接下来一连串精密设计的计划将哥谭市陷入孤绝之境，毁灭之日指日可待。布鲁斯只能再次肩负起拯救哥谭的重任，然而至亲的管家阿福辞职离开、猫女的背叛、贝恩的凶残手段，爱人米拉达的真实面目露出，都让他拯救哥谭的行动变得不可能……,https://image.tmdb.org/t/p/w500/7xSR1G1cBx67WlAooTlwqfXRFaN.jpg,assets/posters/49026.jpg,49026,165,战火将起
76341,疯狂的麦克斯4：狂暴之路,Mad Max: Fury Road,2015,7.2,"Action, Adventure, Sci-Fi","Actor 1, Actor 2, Actor 3, Actor 4, Actor 5",Various Directors,在我们星球最偏远的角落，一片荒芜的沙漠景观中，人性已然破碎，人人都在为生存必需品而战。两位反抗者或许能恢复秩序——一个是麦克斯，他行动果决、沉默寡言，在经历混乱失去妻儿后寻求内心平静；另一个是弗瑞奥萨，她坚信唯有穿越沙漠重返童年故土，才能找到生存之路。,https://image.tmdb.org/t/p/w500/jGMjF2SRawSsp8taI7BL8cC2Gp7.jpg,assets/posters/76341.jpg,76341,120,疯狂才是生存之道
122,指环王3：王者无敌,The Lord of the Rings: The Return of the King,2003,8.1,"Adventure, Fantasy, Action","Actor 1, Actor 2, Actor 3, Actor 4, Actor 5",Various Directors,索伦大军为剿灭人类种族，已对刚铎都城米那斯提力斯展开围攻。这座昔日的伟大王国由一位日渐衰弱的摄政王守护，此刻比任何时候都更需要它的王者归来。但阿拉贡能否回应血脉的召唤，成为命定之君？中土世界的命运，正系于他宽阔的双肩。,https://image.tmdb.org/t/p/w500/kKUgYEOVebuu21N0KnQiGpIStiN.jpg,assets/posters/122.jpg,122,263,敌人的邪眼在移动
70160,饥饿游戏,The Hunger Games,2012,6.9,"Sci-Fi, Adventure, Action, Thriller","Actor 1, Actor 2, Actor 3, Actor 4, Actor 5",Various Directors,　　北美洲在一场大战后被摧毁，在美国原来的废墟上，人们建立了新的家园，但新政权规定：管辖下的12个地区每年都必须进贡少年男女，参加一档电视直播节目“饥饿游戏”。节目的规则很简单——杀人或者被杀。凯妮丝的妹妹不幸在12区“选择日”时被选中，由于要保护妹妹，凯妮丝自告奋勇要替妹妹上场 。她不得不与心上人盖尔分开，跟同时被选为12区贡品代表的皮塔进入游戏。尽管凯妮丝自小就进行狩猎，拥有过人的弓箭技巧，对节目里的重重障碍都能应付自如，但她在比赛中要与残忍强壮的他区选手互相周旋，要想成为最后的赢家就必须成为一个没有人性的杀人机器，这对她是一个极大的考验……,https://image.tmdb.org/t/p/w500/mjQU3pP6AzaYbMSNwuoEUw6LNLa.jpg,assets/posters/70160.jpg,70160,142,愿好运永远与你相伴
13,阿甘正传,Forrest Gump,1994,8.2,"Comedy, Drama, Romance","Actor 1, Actor 2, Actor 3, Actor 4, Actor 5",Various Directors,透过被命运眷顾的单纯者阿甘的双眼，全景式展现了美国历史上动荡的三十年。,https://image.tmdb.org/t/p/w500/yiWWUa1mB55dfd0QpGHsFsge67I.jpg,assets/posters/13.jpg,13,142,人生就像一盒巧克力，你永远不知道下一块会是什么味道
1726,钢铁侠,Iron Man,2008,7.4,"Action, Sci-Fi, Adventure","Actor 1, Actor 2, Actor 3, Actor 4, Actor 5",Various Directors,斯塔克军火公司是美军在全球范围内第一大军火供应商，其新任掌门人托尼·斯塔克风流倜傥，天资聪颖。他与公司元老俄巴迪亚·斯坦合作无间，共同将斯塔克公司的业务推向顶峰。现实生活中的托尼热衷收集名贵跑车，搞点儿发明创造，当然露水姻缘更不可少。所幸他身边有维吉尼亚·波茨这样的好助手细心打理一切，才让他能自由自在过着贵公子的生活。在前往中东为军方展示新型武器的途中，托尼一众遭到恐怖分子袭击。他被弹片击中险些丧命，在英森博士的帮助下，托尼体内移植了一颗核动力的人工心脏。恐怖分子要求托尼制造强大的杀伤性武器，他和英森虚与委蛇，暗中制造了一套由聚变能源驱动的钢铁盔甲。穿上盔甲托尼大闹恐怖分子的基地，回到美国后又对其进行了改进。却不知，接下来有更为黑暗的阴谋等着他……,https://image.tmdb.org/t/p/w500/aGFrhGwoZvsgqI9PdH5mes6HREw.jpg,assets/posters/1726.jpg,1726,126,精钢战甲 打造正义不死身 万吨火力 粉碎全球危机
121,指环王2：双塔奇兵,The Lord of the Rings: The Two Towers,2002,8.0,"Adventure, Fantasy, Action","Actor 1, Actor 2, Actor 3, Actor 4, Actor 5",Various Directors,在J.R.R.托尔金史诗三部曲的第二篇章中，护戒同盟队面对难以想象的敌军与诡谲阴谋，同时见证了远古奇迹与同胞未觉醒的力量。,https://image.tmdb.org/t/p/w500/ychqojA94mwdskXIIVmDyrfxwXl.jpg,assets/posters/121.jpg,121,235,一股新力量正在崛起
68721,钢铁侠3,Iron Man 3,2013,6.8,"Action, Adventure, Sci-Fi","Actor 1, Actor 2, Actor 3, Actor 4, Actor 5",Various Directors,自纽约事件以来，托尼·斯塔克为前所未有的焦虑症所困扰。他疯狂投入钢铁侠升级版的研发，为此废寝忘食，甚至忽略了女友佩珀·波茨的感受。与此同时，臭名昭著的恐怖头目满大人制造了一连串的爆炸袭击事件，托尼当年最忠诚的保镖即在最近的一次袭击中身负重伤。未过多久，托尼、佩珀以及曾与他有过一面之缘的女植物学家玛雅在家中遭到猛烈的炮火袭击，几乎丧命，而这一切似乎都与22年前那名偶然邂逅的科学家奥尔得雷齐·基里安及其终极生物的研究有关。即使有精密先进的铠甲护身，也无法排遣发自心底的焦虑。被击碎一切的托尼，如何穿越来自地狱的熊熊烈火……,https://image.tmdb.org/t/p/w500/9FAFnMobC5Y60cdolrcnqSNaLZr.jpg,assets/posters/68721.jpg,68721,134,钢铁群侠 即将来袭
49051,霍比特人1：意外之旅,The Hobbit: An Unexpected Journey,2012,7.0,"Adventure, Fantasy, Action","Actor 1, Actor 2, Actor 3, Actor 4, Actor 5",Various Directors,中土最后一座矮人王国埃尔波尔，巍峨壮丽，庄严雄伟。老国王索尔积聚大量财富，却引来恶龙史茅革的觊觎和荼毒，最终导致这座城池陷落。许多年后，灰袍巫师甘道夫（伊恩·麦凯伦 Ian McKellen 饰）找到弗罗多的舅舅——霍比特人比尔博·巴金斯（马丁·弗里曼 Martin John C. Freeman 饰），邀请他加入由13名矮人组成的远征队伍。原来史茅革已多年不见声息，背负家国仇恨的矮人王子索林（理查德·阿米蒂奇 Richard Armitage 饰）希望借此机会收复故土。经过一番考虑，巴金斯决定加入。令他想不到的是，远征旅途多灾多难，与索林结下深仇大恨的苍白半兽人及其爪牙阴魂不散，更有食人鬼和石人制造的无数艰险。而在旅途中，巴金斯也意外得到了日后影响整个中土的重要宝物…,https://image.tmdb.org/t/p/w500/iFC48OTg5kRK0qPLGA4T43G0moN.jpg,assets/posters/49051.jpg,49051,182,从最小处开始的最伟大的传说
597,泰坦尼克号,Titanic,1997,7.5,"Drama, Romance","Actor 1, Actor 2, Actor 3, Actor 4, Actor 5",Various Directors,1912年4月10日，号称 “世界工业史上的奇迹”的豪华客轮泰坦尼克号开始了它完工后的首次商业航行，从英国的南安普顿出发驶往美国纽约。富家少女罗丝与母亲及未婚夫卡尔坐上了头等舱；另一边，放荡不羁的少年画家杰克也在码头的一场赌博中赢得了下等舱的船票。罗丝厌倦了上流社会虚伪的生活，不愿嫁给卡尔，打算投海自尽，被杰克救起。很快，美丽活泼的罗丝与英俊开朗的杰克相爱，杰克带罗丝参加下等舱的舞会、为她画像，二人的感情逐渐升温。1912年4月14日，星期天晚上，一个风平浪静的夜晚。泰坦尼克号撞上了冰山，“永不沉没的”泰坦尼克号面临沉船的命运，罗丝和杰克刚萌芽的爱情也将经历生死的考验。,https://image.tmdb.org/t/p/w500/lFYUkUPcFXDzZzSfkiCDsvHIJxj.jpg,assets/posters/597.jpg,597,194,世界上没有什么可以分开他们
135397,侏罗纪世界,Jurassic World,2015,6.5,"Action, Adventure, Sci-Fi, Thriller","Actor 1, Actor 2, Actor 3, Actor 4, Actor 5",Various Directors,21世纪，曾经诞生过第一只恐龙的努布拉岛，在经历了一系列的惨剧之后迎来新的时代，如今这里经马斯拉尼公司之手建成了规模宏大的主题公园“侏罗纪世界”，数量繁多的远古生物每天都吸引数以万计的游客前来一饱眼福。为了吸引更多的游客，公司授意创意实验室采用不同动物的基因创造了集力量、速度和智慧于一体的暴虐霸王龙。作为负责人的克莱尔原打算请专门负责迅猛龙的欧文·格雷迪评估暴虐霸王龙的防护设施，谁知这头可怕的怪物竟然骗过了精密仪器的监视和人类的眼睛，以迅雷不及掩耳的速度逃到了外面，随后对所见的一切生物展开了无差别的血腥屠杀。原本快乐祥和的公园乱作一团，克莱尔必须深入危险之地救出两个被困的外甥，而欧文则不可避免地带着他的迅猛龙猎人团队迎战史无前例的的可怕对手……,https://image.tmdb.org/t/p/w500/a30pAdpCBnuA8CVAxM5hHPsetX3.jpg,assets/posters/135397.jpg,135397,124,园区开启
286217,火星救援,The Martian,2015,7.6,"Drama, Adventure, Sci-Fi","Actor 1, Actor 2, Actor 3, Actor 4, Actor 5",Various Directors,载人航天宇宙飞船阿瑞斯3号成功抵达火星，谁知一场破坏力极其巨大的风暴向宇航员们袭来，阿瑞斯3号被迫中断任务，紧急返航。撤离途中，宇航员马克·沃特尼被飞船上吹落的零件击中，由于生还希望渺茫，队友们只得匆匆返航，并向世人宣告他已牺牲的事实。出乎意料的是，马克以极低的概率活了下来。他躲进驻火星的航天基地疗伤。下一次火星任务要等到四年后，而基地内的补给仅够他维持31天。短暂的绝望后，马克决定利用有限的食物，在这颗空无一人的星球上种植作物，寻找一线生机。与此同时，地球方面也很快发现马克生还的事实，他们想尽办法部署营救计划。孤军奋战的马克，能否等到救援队伍的到来？,https://image.tmdb.org/t/p/w500/5HUENHVv7wlqwptGkBmEmQkIBAV.jpg,assets/posters/286217.jpg,286217,144,星际拯救 刻不容缓
272,蝙蝠侠：侠影之谜,Batman Begins,2005,7.5,"Drama, Crime, Action","Actor 1, Actor 2, Actor 3, Actor 4, Actor 5",Christopher Nolan,布鲁斯·韦恩（克里斯汀·贝尔 Christian Bale 饰）童年亲眼目睹了父母在高谭市街头被歹徒枪杀，韦恩充满怒火。在继承了父亲亿万家产后，韦恩开始环游世界，希望凭自己的力量复仇和打击犯罪！韦恩为了了解罪犯的心理，在亚洲他亲自体验了犯罪的感觉，最后被捕入狱。他在狱中遇到了武艺高强的杜卡，杜卡传授了韦恩高强的武艺和坚韧的意志力。韦恩很快被神秘的影忍者盟看上，忍者大师一直想邀他加入。韦恩不久发现影忍者盟对自己的家乡高谭市另有企图，他毅然回到了故乡。韦恩在自己的庄园发现了一个地下室，从此他多了一个身份—蝙蝠侠。蝙蝠侠开始了对抗笼罩在高谭市的黑暗。,https://image.tmdb.org/t/p/w500/VwksWozHDudb7i1XBQBYeEfxiP.jpg,assets/posters/272.jpg,272,140,开战时刻
11,星球大战4：新希望,Star Wars,1977,8.1,"Adventure, Action, Sci-Fi","Actor 1, Actor 2, Actor 3, Actor 4, Actor 5",Various Directors,很久以前，在一个遥远的银河系……莱娅公主被邪恶的帝国势力挟为人质，企图镇压反抗银河帝国的起义军。卢克·天行者与汉·索罗船长携手可爱的机器人搭档R2-D2和C-3PO，共同踏上拯救美丽公主、恢复银河系正义的征程。[20世纪福克斯],https://image.tmdb.org/t/p/w500/61uFeKDF0v5sFeFWikSZT10L14v.jpg,assets/posters/11.jpg,11,121,很久很久以前，在遥远的银河系……
14160,飞屋环游记,Up,2009,7.7,"Animation, Comedy, Family, Adventure","Actor 1, Actor 2, Actor 3, Actor 4, Actor 5",Various Directors,小男孩卡尔（Carl Fredricksen）怀揣着对于冒险的热爱偶遇假小子艾丽（Ellie），而艾丽把整个屋子当成一艘大飞船游戏居然使他对这个女孩子有些着迷，相同的爱好最终使两个人成为了一生的爱侣。他们有一个梦想，那就是有朝一日要去南美洲的“仙境瀑布”探险，但直到艾丽去世，这个梦想也未能实现。终于有一天，曾经专卖气球的老人卡尔居然用五颜六色的气球拽着他的房子飞上了天空，他决定要去实现他们未曾实现的梦想。令卡尔始料不及的是，门廊居然搭上了一个自称是“荒野开拓者”的小男孩小罗（Russell），小罗的喋喋不休让卡尔对这个小胖墩格外讨厌。一老一少在飞行中经过了千难万险终于看到了传说中的“仙境瀑布”，在相处过程中卡尔发现小罗其实是个惹人怜爱的孩子。在步行穿越一座森林时，他们遇到了不会飞的大鸟凯文（Kevin）和一只会说话的狗狗逗逗（Dug），让老人惊讶的是他们还遇到了他少年的崇拜偶像——探险家查尔斯·蒙兹（Charles Muntz），而且他发现蒙兹居然是一个为达目的不择手段的坏人。这时，老人离自己的梦想之地只有一步之遥…,https://image.tmdb.org/t/p/w500/79R2HaSUTYBmxIrjDNouEtxjMQc.jpg,assets/posters/14160.jpg,14160,96,与你一起 展翼高飞
671,哈利·波特与魔法石,Harry Potter and the Philosopher's Stone,2001,7.5,"Adventure, Fantasy","Actor 1, Actor 2, Actor 3, Actor 4, Actor 5",Various Directors,哈利·波特是一个孤儿，从小寄养在姨妈家，受尽欺凌。但就在哈利11岁生日的时候，他意外收到了霍格沃茨学院的入学通知书。哈利从该学院派来接他的巨人海格口中得知，这是一间魔法学院，并得知了自己的身世，原来哈利的父母都是伟大的魔法师，在对付伏地魔的战斗中双双献身，唯有哈利幸免于难。哈利进入霍格沃茨后，表现出了超乎想象的飞行天赋，得到麦格教授的推荐进入了格兰芬多的魁地奇球队。另一方面，哈利发现霍格沃茨学院内有一股黑暗势力似乎在暗暗滋长，揭开谜团的关键就在有凶恶的三头犬守护的房间内。哈利、罗恩和赫敏三个好朋友决定探个究竟。,https://image.tmdb.org/t/p/w500/4oglmTTSAZb9FSO3IFuMK8F7qQ3.jpg,assets/posters/671.jpg,671,152,魔法永恒
150540,头脑特工队,Inside Out,2015,8.0,"Animation, Family, Adventure, Drama, Comedy","Actor 1, Actor 2, Actor 3, Actor 4, Actor 5",Various Directors,"可爱的小女孩莱莉（凯特林·迪亚斯 Kaitlyn Dias 配音）出生在明尼苏达州一个平凡的家庭中，从小她在父母的呵护下长大，脑海中保存着无数美好甜蜜的回忆。当然这些记忆还与几个莱莉未曾谋面的伙伴息息相关，他们就是人类的五种主要情绪：乐乐（艾米·波勒 Amy Poehl er 配音）、忧忧（菲利丝·史密斯 Phyllis Smith 配音）、怕怕（比尔·哈德尔 Bill Hader 配音）、厌厌（敏迪·卡灵 Mindy Kaling 配音）和怒怒（刘易斯·布莱克 Lewis Black 配音）。乐乐作为团队的领导，她协同其他伙伴致力于为小主人营造更多美好的珍贵回忆。某天，莱莉随同父母搬到了旧金山，肮脏逼仄的公寓、陌生的校园环境、逐渐失落的友情都让莱莉无所适从，她的负面情绪逐渐累积，内心美好的世界渐次崩塌。 为了保护这一切，乐乐只有行动起来……",https://image.tmdb.org/t/p/w500/gN3qUaxucFWNTBDsaxkyCQSbox2.jpg,assets/posters/150540.jpg,150540,95,“我们可能会悲伤，但我们也可以快乐。”
37724,007：大破天幕杀机,Skyfall,2012,6.9,"Action, Adventure, Thriller","Actor 1, Actor 2, Actor 3, Actor 4, Actor 5",Various Directors,随着M的过往找上门来，邦德对她的忠诚面临考验。当军情六处遭遇袭击，007必须追踪并摧毁威胁，无论将付出多么个人的代价。[哥伦比亚影业],https://image.tmdb.org/t/p/w500/vEPZB8upmcHiL3YnDL4O26DuJTf.jpg,assets/posters/37724.jpg,37724,143,天幕开启 难逃杀机
22,加勒比海盗1：黑珍珠号的诅咒,Pirates of the Caribbean: The Curse of the Black Pearl,2003,7.5,"Adventure, Fantasy, Action","Actor 1, Actor 2, Actor 3, Actor 4, Actor 5",Various Directors,故事发生在17世纪，传说中海盗最为活跃的加勒比海。风趣迷人的杰克·斯伯洛，是活跃在加勒比海上的海盗，拥有属于自己的“黑珍珠”号海盗船。对他来说，最惬意的生活就是驾驶着“黑珍珠”号在加勒比海上游荡，自由自在的打劫过往船只。但不幸的是，他的仇敌，老谋深算的巴博萨船长偷走了他的“黑珍珠”号。,https://image.tmdb.org/t/p/w500/wjtVlVdF7KQ9pnnTDHbZaFayzcf.jpg,assets/posters/22.jpg,22,143,准备好被吹出水面。
106646,华尔街之狼,The Wolf of Wall Street,2013,7.9,"Crime, Drama, Comedy","Actor 1, Actor 2, Actor 3, Actor 4, Actor 5",Various Directors,在危机四伏的投资界，掌管史崔顿·奥克蒙公司的乔丹·贝尔福特生活侈靡、实力雄厚。1987年，22岁的乔丹进入罗斯柴尔德公司，从接线员做起，在高级经纪人马克指点下，进入了股票经纪人充满毒品和欲望的世界，半年后因“黑色星期一”，乔丹转投靠贩卖“便士股票”的小公司，凭借巧舌如簧获得成功，与邻居唐尼和一班朋友另立门户，游走在灰色地带获利颇丰，获称“华尔街之狼”，然而，FBI已经开始留意他。,https://image.tmdb.org/t/p/w500/fK6GWi9Oroa2eM2W7OFprEXaTHq.jpg,assets/posters/106646.jpg,106646,180,赚取。消费。派对。
271110,美国队长3,Captain America: Civil War,2016,7.1,"Adventure, Action, Sci-Fi","Actor 1, Actor 2, Actor 3, Actor 4, Actor 5",Various Directors,美国队长史蒂夫·罗杰斯（克里斯·埃文斯 Chris Evans 饰）带领着全新组建的复仇者联盟，继续维护世界和平。然而，一次执行任务时联盟成员不小心造成大量平民伤亡，从而激发政治压力，政府决定通过一套监管系统来管理和领导复仇者联盟。联盟内部因此分裂为两派：一方由史蒂夫· 罗杰斯领导，他主张维护成员自由，在免受政府干扰的情况下保护世界；另一方则追随托尼·斯塔克（小罗伯特·唐尼 Robert Downey Jr. 饰），他令人意外地决定支持政府的监管和责任制体系。神秘莫测的巴基（塞巴斯蒂安·斯坦 Sebastian Stan 饰）似乎成为内战的关键人物……,https://image.tmdb.org/t/p/w500/ygjR9bDJwpMxjBuWRQ3xlgn3NrC.jpg,assets/posters/271110.jpg,271110,148,复仇者联盟决裂 存亡之战 全面爆发
16869,无耻混蛋,Inglourious Basterds,2009,7.9,"Drama, Thriller, War","Actor 1, Actor 2, Actor 3, Actor 4, Actor 5",Various Directors,故事分五章进行。二战中德占法国，德军上校汉斯（克里斯托弗·瓦尔兹 Christoph Waltz 饰）号称“犹太猎人”，在一次屠犹行动中，少女苏珊娜（梅勒尼·劳伦特 Mélanie Laurent 饰）侥幸逃脱。与此同时，八名美国犹太士兵在中尉奥尔多（布拉德·皮特 饰） 的带领下潜入德占法国刺杀德国军人，其行动神出鬼没，手法残忍，对德军造成相当威胁，被称为“杂种”。三年后苏珊娜来到巴黎继承了姑母的电影院，结识了德国战斗英雄，电影《国家荣耀》的主演弗里德里克（丹尼尔·布鲁赫 Daniel Brühl 饰）。对苏珊娜一见钟情的弗里德里克说服德国宣传部长约瑟夫·戈培尔（西尔维斯特·格洛斯 Sylvester Groth 饰）在苏珊娜的影院首映《国家荣耀》，希特勒（马丁·乌特克 Martin Wuttke 饰）本人也将出席。苏珊娜决定借放映之机烧毁影院；而在德国间谍女演员布里奇特（戴安娜·克鲁格 Diane Kruger 饰）的安排下，英美联合的刺杀行动“奇诺”也将在首映当晚行动……,https://image.tmdb.org/t/p/w500/5j2CTOn2uggMAxPUg9JsxHmqCIU.jpg,assets/posters/16869.jpg,16869,153,一场可耻的，喧闹刺激的复仇之旅
238,教父,The Godfather,1972,8.4,"Drama, Crime","Actor 1, Actor 2, Actor 3, Actor 4, Actor 5",Various Directors,40年代的美国，“教父”维托·唐·柯里昂是黑手党柯里昂家族的首领，带领家族从事非法的勾当，但同时他也是许多弱小平民的保护神，深得人们爱戴。因为拒绝了毒枭索洛索的毒品交易要求，柯里昂家族和纽约其他几个黑手党家族的矛盾激化、圣诞前夕，索洛索劫持了“教父”的参谋汤姆，并派人暗杀“教父”；因为内奸的出卖，“教父”的大儿子逊尼被仇家杀害；小儿子麦克也被卷了进来，失去爱妻。黑手党家族之间的矛盾越来越白热化。年老的“教父”面对丧子之痛怎样统领全局？黑手党之间的仇杀如何落幕？谁是家族的内奸？谁又能够成为新一代的“教父”？血雨腥风和温情脉脉，在这部里程碑式的黑帮史诗巨片里真实上演。,https://image.tmdb.org/t/p/w500/y03tzUKvkRCYwJ5NWys4W4bnS9m.jpg,assets/posters/238.jpg,238,175,一份你无法拒绝的邀约。
11324,禁闭岛,Shutter Island,2010,7.8,"Drama, Thriller, Mystery","Actor 1, Actor 2, Actor 3, Actor 4, Actor 5",Various Directors,故事发生于波士顿海湾的一座与世隔绝的小岛上，66名精神病罪犯被关押于此，传言岛上正在进行种种人体实验。重重戒备之下，一个杀害了三个亲生孩子的女犯雷切尔，竟诡异失踪。联邦执法官泰德·丹尼尔和搭档查克奉命上岛调查此事。而泰德此行前来还有一个隐秘的目的——寻找让妻子 葬身火海的凶手。故事遵循这条线索展开，寻找失踪之谜、访问医院工作人员与病人、地毯式搜查……泰德查遍全岛，意外发现岛上多出一份神秘档案：第67号病人的 ！岛上所有秘密无不纠结于这个多出来的人。但究竟谁是67号？,https://image.tmdb.org/t/p/w500/ydPwiGrBRIiIh4Ie9bh2oeLOWmR.jpg,assets/posters/11324.jpg,11324,138,有些地方永远不会让你走。
99861,复仇者联盟2：奥创纪元,Avengers: Age of Ultron,2015,7.3,"Action, Adventure, Sci-Fi","Actor 1, Actor 2, Actor 3, Actor 4, Actor 5",Various Directors,托尼·斯塔克试图重启一个已经废弃的维和项目，不料该项目却成为危机导火索。世上最强大的超级英雄——钢铁侠、美国队长、雷神、绿巨人、黑寡妇和鹰眼，不得不接受终极考验，拯救危在旦夕的地球。神秘反派奥创逐渐崛起，超级英雄们必须重新集结，竭力阻止奥创实施人类灭绝计划。战斗中，复仇者联盟成员们还遇到了两个新人物——旺达·马克西莫夫和皮特罗·马克西莫夫，以及以全新面目归来的老朋友——幻视。世界秩序濒临崩溃，复仇者联盟必须阻止奥创的阴谋。强敌不断出现，一场空前绝后的全球浩战即将展开……,https://image.tmdb.org/t/p/w500/eIVkTKr6DS0CNjnkRNwOQfXGIrK.jpg,assets/posters/99861.jpg,99861,142,超级英雄震撼回归 强势出击力挽狂澜
10681,机器人总动员,WALL·E,2008,7.8,"Animation, Family, Sci-Fi","Actor 1, Actor 2, Actor 3, Actor 4, Actor 5",Various Directors,公元 2700 年，人类文明高度发展，却因污染和生活垃圾大量增加使得地球不再适于人类居住。地球人被迫乘坐飞船离开故乡，进行一次漫长无边的宇宙之旅。临行前他们委托 Buynlarge 的公司对地球垃圾进行清理，该公司开发了名为 WALL·E（地球废品分装员的缩写）的机器人担当此重任。 这些机器人按照程序日复一日、年复一年辛勤工作，但随着时间的流逝和恶劣环境的侵蚀，WALL·E 们接连损坏、停止运动。最后只有一个仍在进行这项似乎永无止境的工作。经历了漫长的岁月，它开始拥有了自己的意识。它喜欢将收集来的宝贝小心翼翼藏起，喜欢收工后看看几百年前的歌舞片，此外还有一只蟑螂朋友作伴。直到有一天，一艘来自宇宙的飞船打破了它一成不变的生活…,https://image.tmdb.org/t/p/w500/hg2Z4rD1CkplEZENYEMDBsMWcxK.jpg,assets/posters/10681.jpg,10681,98,一个超越“平凡”的冒险
105,回到未来,Back to the Future,1985,8.0,"Adventure, Comedy, Sci-Fi","Actor 1, Actor 2, Actor 3, Actor 4, Actor 5",Various Directors,马蒂·麦克弗莱，一位典型的八十年代美国青少年，意外被一台由钚动力驱动的德罗宁“时间机器”送回到1955年——这台机器由一位略带疯狂的科学家发明。在这段时常癫狂、总是惊人的穿越之旅中，马蒂必须确保他那正值青春期的未来父母相遇并坠入爱河，他才能顺利返回未来。[官方简介],https://image.tmdb.org/t/p/w500/6fkVKq5LcZ6RJ4EaH84lJELDLJJ.jpg,assets/posters/105.jpg,105,116,他是唯一一个到出生前惹麻烦的孩子。
1891,星球大战5：帝国反击战,The Empire Strikes Back,1980,8.2,"Adventure, Action, Sci-Fi","Actor 1, Actor 2, Actor 3, Actor 4, Actor 5",Various Directors,星球大战事件三年后，帝国军队继续追捕义军。义军在霍斯冰原星球战败后，卢克前往达戈巴星球，跟随自共和国覆灭后隐居的绝地大师尤达进行训练。为诱使卢克堕入黑暗面，达斯·维达将年轻的天行者引入贝斯平云城的陷阱。在与西斯尊主的激烈光剑对决中，卢克面对一个惊人的真相。[20世纪福克斯],https://image.tmdb.org/t/p/w500/unc5VVWPNTJlZP9oGDgL1dCE1vL.jpg,assets/posters/1891.jpg,1891,124,冒险在继续……
101299,饥饿游戏2：星火燎原,The Hunger Games: Catching Fire,2013,7.4,"Adventure, Action, Sci-Fi","Actor 1, Actor 2, Actor 3, Actor 4, Actor 5",Various Directors,　　第七十四届饥饿游戏已经结束，凯特尼斯出人意料地活了下来，她和“恋人”皮塔将会过上安定闲适的生活。然而，噩梦才刚刚开始，此时，十二个区也暗波涌动，凯特尼斯竟然成了反叛的象征，情窦初开的凯特尼斯陷入爱情的纠结中不能自拔，狩猎伙伴盖尔和竞技场“恋人”皮塔让她难以取舍盖尔和皮塔都深爱着凯特尼斯，为了不让凯特尼斯痛苦，他们不约而同地冷落疏远她。第七十五届饥饿游戏“世纪极限赛”的赛制是，选手是历届获胜者，他们中只有一人能存活。凯特尼斯又将重返杀戮赛场，凯特尼斯没有未来，她只有一死，才能挽救皮塔，这是对皮塔深情的最后报答，爱情与友谊，真诚与猜忌，血腥与牺牲，越来越扑朔迷离……,https://image.tmdb.org/t/p/w500/pjLJArJjY8bO9FqBQzW0UosSzx2.jpg,assets/posters/101299.jpg,101299,146,革命总是起于星星之火
177572,超能陆战队,Big Hero 6,2014,7.8,"Adventure, Family, Animation, Action, Comedy","Actor 1, Actor 2, Actor 3, Actor 4, Actor 5",Various Directors,未来世界的超级都市旧京山，热爱发明创造的天才少年小宏，在哥哥泰迪的鼓励下参加了罗伯特·卡拉汉教授主持的理工学院机器人专业的入学大赛。他凭借神奇的微型磁力机器人赢得观众、参赛者以及考官的一致好评，谁知突如其来的灾难却将小宏的梦想和人生毁于一旦。大火烧毁了展示会场，而哥哥为了救出受困的卡拉汉教授命丧火场。身心饱受创伤的小宏闭门不出，哥哥生前留下的治疗型机器人大白则成为安慰他的唯一伙伴。原以为微型机器人也毁于火灾，谁知小宏和大白竟意外发现有人在某座废弃工厂内大批量地生产他的发明。稍后哥哥的朋友们弗雷德等人也加入进来，他们穿上小宏发明的超级战士战斗装备，和怀有险恶阴谋的神秘对手展开较量…,https://image.tmdb.org/t/p/w500/cJHCt073DIJLIUcgYTJnMnT3KtI.jpg,assets/posters/177572.jpg,177572,102,《冰雪奇缘》与《无敌破坏王》原班人马打造
807,七宗罪,Se7en,1995,8.1,"Crime, Mystery, Thriller","Actor 1, Actor 2, Actor 3, Actor 4, Actor 5",Various Directors,“暴食”、“贪婪”、“懒惰”、“嫉妒”、“骄傲”、“淫欲”、“愤怒”，这是天主教教义所指的人性七宗罪。城市中发生的连坏杀人案，死者恰好都是犯有这些教义的人。凶手故弄玄虚的作案手法，令资深冷静的警员沙摩塞（摩根•弗里曼 Morgan Freeman 饰）和血气方刚的新扎警员米尔斯（布拉德•皮特 Brad Pitt 饰）都陷入了破案的谜团中。他们去图书馆研读但丁的《神曲》，企图从人间地狱的描绘中找到线索，最后从宗教文学哲学的世界中找到了凶手作案计划和手段的蛛丝马迹。凶手前来投案自首，这令众人都松了一口气，以为案件就此结束，怎料还是逃不出七宗罪的杀人逻辑，这次凶手瞄准的目标，是那个犯了“愤怒”罪的人……,https://image.tmdb.org/t/p/w500/pgSLk5Q4dW2M7bYxcG7DKBT3hvb.jpg,assets/posters/807.jpg,807,127,饕餮。贪婪。懒惰。嫉妒。暴怒。傲慢。色欲。
281957,荒野猎人,The Revenant,2015,7.3,"Western, Drama, Adventure","Actor 1, Actor 2, Actor 3, Actor 4, Actor 5",Various Directors,故事讲述19世纪一个皮草猎人被一头熊所伤，他乘的船的船长试图把他带回文明世界，但形势所迫，他无法做到，于是只好雇了两个人留下，目的是让他们送这个猎人最后一程。但这两个人利欲熏心，他们把这个受伤的可怜人洗劫一空，之后把他一个人抛弃在荒凉冰冷的野外等死。然而猎人奇迹般的活了下来，之后开始寻找这两个人开始复仇…,https://image.tmdb.org/t/p/w500/dZCs7QYYdK3JM1v3mE1STdHi1ap.jpg,assets/posters/281957.jpg,281957,156,死而复生的人，他回来了！
12,海底总动员,Finding Nemo,2003,7.6,"Animation, Family, Adventure","Actor 1, Actor 2, Actor 3, Actor 4, Actor 5",Various Directors,　　主角是一对可爱的小丑鱼(Clownfish)父子。父亲玛林和儿子尼莫一直在澳洲外海大堡礁中过着安定而幸福的平静生活。鱼爸爸玛林一直谨小慎微，行事缩手缩脚，虽然已经身为人父，却丝毫不会影响它成为远近闻名的胆小鬼。也正因为这一点，儿子尼莫常常与玛林发生争执，甚至有那么一点瞧不起自己的父亲。直到有一天，一直向往到海洋中冒险的尼莫，游出了他们所居住的珊瑚礁。正当尼莫想要舒展一下小尾巴的时候，一艘渔船毫不留情地将欢天喜地的尼莫捕走，并将它辗转卖到澳洲悉尼湾内的一家牙医诊所。在大堡礁的海底，心爱的儿子突然生死未卜的消息，对于鱼爸爸玛林来说却无异于晴天霹雳。尽管胆小尽管怕事，现在为了救回心爱的孩子，玛林也就只有豁出去了。它决心跟上澳洲洋流，踏上寻找自己儿子的漫漫征程。,https://image.tmdb.org/t/p/w500/7nXuxfAyDwPrqSlqogLuNqGJJZ.jpg,assets/posters/12.jpg,12,100,
1771,美国队长,Captain America: The First Avenger,2011,6.6,"Action, Adventure, Sci-Fi","Actor 1, Actor 2, Actor 3, Actor 4, Actor 5",Various Directors,上世纪 40 年代，纳粹及其邪恶轴心的战火烧遍世界各个角落。居住在布鲁克林的小个子史蒂夫·罗杰斯（克里斯·埃文斯 Chris Evans 饰）心系国家，一心上阵杀敌，可是糟糕的体格让他始终被征兵办拒之门外。偶然的机会，在德籍科学家厄斯金博士（Stanley Tucci 饰）的帮助下，这个小个子男孩得以走入兵营，并接受了博士的试验，化身成为高大健壮、膂力过人的超级战士。与此同时，德国纳粹红骷髅部队的首领约翰·施密特（雨果·维文 Hugo Weaving 饰）依靠超自然的力量建立起一支超级战队，企图称霸全世界。为了营救好友，史蒂夫以美国队长的形象闯入施密特的军营，正邪两大超级战士的战斗就此展开……,https://image.tmdb.org/t/p/w500/cpvhf9isPUITlDFVIG8JI5m681s.jpg,assets/posters/1771.jpg,1771,124,钢铁侠系列原班制作班底
210577,消失的爱人,Gone Girl,2014,7.9,"Mystery, Thriller, Drama","Actor 1, Actor 2, Actor 3, Actor 4, Actor 5",Various Directors,结婚五周年纪念日的早上，尼克·邓恩来到妹妹玛戈的酒吧，咒骂抱怨那个曾经彼此恩爱缠绵的妻子艾米以及全然看不见希望的婚姻。当他返回家中时， 却发现客厅留下了暴行的痕迹，而妻子竟不见了踪影。女探员朗达·邦妮接到报案后赶来调查，而现场留下的种种蛛丝马迹似乎昭示着这并非是一件寻常的失踪案，其背后或许隐藏着裂变于夫妻之情的谋杀罪行。艾米的失踪通过媒体大肆渲染和妄加揣测很快闻名全国，品行不端的尼克被推上风口浪尖，至今不见踪影的爱人对他进行无情审判，你侬我侬的甜言蜜语早已化作以血洗血的复仇与折磨……,https://image.tmdb.org/t/p/w500/rbs1LbLCIYhLyiTggRztnWFWfbp.jpg,assets/posters/210577.jpg,210577,149,直到失去，你才懂得曾经拥有的珍贵。
20352,神偷奶爸,Despicable Me,2010,7.1,"Family, Comedy, Animation, Sci-Fi, Crime","Actor 1, Actor 2, Actor 3, Actor 4, Actor 5",Various Directors,超级坏蛋格鲁 在听说埃及金字塔被盗的新闻后不满市面上新贼辈出，决定在纳法利欧博士 的帮助下建造火箭升空盗取月亮。在向坏蛋银行贷款的过程中，格鲁盗取的收缩射线枪被新贼维克托 抢走。为了夺回收缩射线枪，格鲁决定领养三位孤儿——玛戈、伊迪丝 和阿格蕾丝，利用她们进入维克托的城堡兜售饼干的机会实施偷盗，计划成功后再偷偷处理掉三个小孩。然而在平凡的日常相处中，格鲁却发现自己越来越离不开这三个小鬼，但这样的感情用事却将严重影响周密的盗月计划……,https://image.tmdb.org/t/p/w500/wQ2dOndyH5Xq7kzJvv5haIFEahZ.jpg,assets/posters/20352.jpg,20352,95,
205596,模仿游戏,The Imitation Game,2014,8.0,"History, Drama, Thriller, War","Actor 1, Actor 2, Actor 3, Actor 4, Actor 5",Various Directors,根据Andrew Hodges所写的传记《艾伦·图灵》（Alan Turing: The Enigma）改编。艾伦·图灵是英国数学家、逻辑学家，二战中曾协助军方破解德国的著名密码系统Enigma，对盟军取得了二战的胜利有一定的帮助。图灵对于人工智能的发展有诸多贡献，著名的图灵机模型为现代计算机的逻辑工作方式奠定了基础。图灵是著名的同性恋之一，并因为其同性恋倾向而遭到迫害，使得他的职业生涯尽毁。1952年，他的同性伴侣协同一名同谋一起闯进了图灵的房子实施盗窃。图灵为此而报警。但是警方的调查结果使得他被控以“明显的猥亵和性颠倒行为”。他没有申辩，并被定罪。在著名的公审后，他被给予了两个选择：坐牢或荷尔蒙疗法。他选择了荷尔蒙注射，并持续了一年。在这段时间里，药物产生了包括乳房不断发育的副作用。1954年，图灵因食用浸过氰化物溶液的苹果死亡。很多人相信他是自杀。但是他的母亲极力争论他的死是意外，因为他在实验室里不小心堆放了很多化学物品。,https://image.tmdb.org/t/p/w500/hqa3UAu3wdSeRUvfNzJTbuR3VgK.jpg,assets/posters/205596.jpg,205596,113,
673,哈利·波特与阿兹卡班的囚徒,Harry Potter and the Prisoner of Azkaban,2004,7.7,"Adventure, Fantasy","Actor 1, Actor 2, Actor 3, Actor 4, Actor 5",Various Directors,在本片中，哈利、罗恩与赫敏已成长为少年，返回霍格沃茨魔法学校开启第三年的学习。这一年，他们被迫直面越狱逃跑的囚犯小天狼星布莱克——一个对哈利构成巨大威胁的人。哈利和他的朋友们在这一年里学习如何驯服半马半鹰的鹰头马身有翼兽、击退会变形的博格特，并掌握占卜学的技艺。他们还造访了巫师村落霍格莫德村，以及号称全英最阴森的尖叫棚屋。除了这些新奇的体验，哈利还必须战胜吸食灵魂的摄魂怪的威胁，智斗危险的狼人，并最终弄清小天狼星布莱克与他自己以及他父母之间的真相。在与挚友的并肩作战中，哈利掌握了高深的魔法，跨越了时间的界限，从而改变了不止一个人的命运。[华纳兄弟],https://image.tmdb.org/t/p/w500/iCwifbvs8pZNPo8o485143y3FdC.jpg,assets/posters/673.jpg,673,141,每件事都将改变
127585,X战警：逆转未来,X-Men: Days of Future Past,2014,7.5,"Action, Adventure, Sci-Fi","Actor 1, Actor 2, Actor 3, Actor 4, Actor 5",Various Directors,变种人族群遭到了前所未有的毁灭性打击，而这一切的根源是“魔形女”瑞雯（詹妮弗·劳伦斯 Jennifer Lawrence 饰）在1973年刺杀了玻利瓦尔·特拉斯克（彼特·丁拉基 Peter Dinklage 饰）。在得知“小淘气”（艾利奥特·佩吉 Elliot Page 饰）利用穿越时空的能力帮助“闪烁”（范冰冰 饰）等战友逃脱巨型机器人“哨兵”的追杀后，X教授（帕特里克·斯图尔特 Patrick Stewart 饰）和万磁王（伊恩·麦克莱恩 Ian McKellen 饰）达成认同，决定让金刚狼（休·杰克曼 Hugh Jackman 饰）穿越回1973年，找到年轻的X教授（詹姆斯·麦卡沃伊 James McAvoy 饰）和年轻的万磁王（迈克尔·法斯宾德 Michael Fassbender 饰）并说服他们一起阻止魔形女的行动。于是，金刚狼踏上了回到过去的旅程，但是命运会不会发生逆转，任何人都无从知晓……,https://image.tmdb.org/t/p/w500/cEa0ebJoGZ30Tioy9gwg3VNnert.jpg,assets/posters/127585.jpg,127585,132,为了拯救未来 他们必须改变过去
10138,钢铁侠2,Iron Man 2,2010,6.6,"Adventure, Action, Sci-Fi","Actor 1, Actor 2, Actor 3, Actor 4, Actor 5",Various Directors,钢铁侠托尼·斯塔克在国会听证上拒绝交出最新技术。与此同时，他发现胸口的微型电弧反应炉正迅速造成血液的钯金属中毒。沮丧的托尼将斯塔克公司的职务交予了秘书波兹，由她全权负责正在进行的纽约斯塔克博览会。波兹从法律部门调来助理娜塔莉照顾托尼。托尼在媒体前的高调亮相引起了其父当年同事的儿子，伊凡的不满。为了实施报复，他子承父业，研制出了一套可与钢铁战衣相媲美的装备。伊凡的技术引起了托尼的竞争对手，军火商贾斯丁·汉默的注意，他设法将伊凡劫持出狱，秘密研究取代钢铁侠。正当托尼苦于钯金属中毒造成的失意之时，他发现娜塔莉原来身负秘密使命，而自己的任性，也造成了与好友空军上校罗德斯的反目，眼看局势就要失控……,https://image.tmdb.org/t/p/w500/p9gqculVqhULhdzQXaqN1xd8FUP.jpg,assets/posters/10138.jpg,10138,124,钢铁战神 重磅归来 无敌英雄 席卷全球
585,怪兽电力公司,"Monsters, Inc.",2001,7.5,"Animation, Comedy, Family","Actor 1, Actor 2, Actor 3, Actor 4, Actor 5",Various Directors,"　　我们不知道，在那样的世界里住着那样一群怪物。他们长相滑稽，却必须装作狰狞。因为，在夜深的时候，他们要悄悄的出现在孩子的衣橱里，吓唬刚刚甜美睡去的宝宝。一切，只因为他们是怪物电力公司的员工，而孩子的尖叫，则是怪物王国发电的全部能量。怪物们害怕孩子，却又必须让孩子尖叫。在怪物的国度里，他们都是为全民造福的英雄。 　　毛怪苏利文（约翰•古德曼）是怪物公司最出色的员工，业绩总是摇摇领先，他吓哭的小孩儿不计其数。他与搭档大眼怪麦克（比利•克里斯托）很受大家的爱戴。一次偶然，毛怪不小心把一个两岁的小女孩阿布（玛丽•吉布斯）带回了怪物世界，引起了极大的恐慌，调皮可爱的阿布把这些可怕的怪物吓的人仰马翻。警方在追捕阿布，而坏蛋亨利（詹姆斯•柯博）也计划利用阿布进行他改革工厂的邪恶计划。 　　另一方面，在与阿布相处的过程中，毛怪渐渐对她产生莫名的情愫，甚至因此被放逐野外。可是一切都不能抵挡毛怪拯救女孩的信念，为了阿布，毛怪踏上了艰险的旅程……",https://image.tmdb.org/t/p/w500/fc5SCUbpO3aVBuzPpugoFPQ8K1n.jpg,assets/posters/585.jpg,585,92,这并非针对个人，只是职责所在。
18785,宿醉,The Hangover,2009,7.2,Comedy,"Actor 1, Actor 2, Actor 3, Actor 4, Actor 5",Various Directors,道格（贾斯汀•巴萨 Justin Bartha 饰）即将与女友结婚。婚礼前两天，道格与朋友菲尔（布莱德利•库珀 Bradley Cooper 饰）、西德（艾德•赫尔姆斯 Ed Helms 饰）和阿兰（扎克•加利费安纳基斯 Zach Galifianakis 饰）从洛杉矶驱车前往赌城拉斯维加斯为道格举办婚前单身派对，入住凯撒宫豪华套房。一晚过后，三人发现道格失踪，浴室里出现一只老虎，衣橱中多了一个婴儿，西德缺了一颗牙，窗外塔尖上插着席梦思床垫，菲尔戴着医院手环，西德口袋里有一张800美金收据，而他们的车也不知为何变成了警车。三人惊慌失措，完全无法记起昨晚发生过什么，却必须在24小时之内迅速解决谜团找到道格返回洛杉矶……,https://image.tmdb.org/t/p/w500/9RpVwxMrfuIGlNSTdjluRPhb45C.jpg,assets/posters/18785.jpg,18785,100,
297761,自杀小队,Suicide Squad,2016,5.9,"Action, Adventure, Fantasy","Actor 1, Actor 2, Actor 3, Actor 4, Actor 5",Various Directors,阿曼达·沃勒身为政府秘密机构的领导人，面对社会中出现的层出不穷的暴力恐怖袭击事件，决心启用一批被关押在监狱中判了无期徒刑的超级反派们，他们是小丑女、死亡射手、回旋镖队长、复仇恶魔和杀手鳄。他们所要面对的，是拥有强大法力的魅巫，她和她的哥哥一起制造了一种非常危险的武器，企图用此控制全人类。除此之外，阿曼达还必须提防为了解救女友小丑女而不惜一切手段的危险人物小丑。,https://image.tmdb.org/t/p/w500/vayHZuIdbelPlmLH97X4HaQKKL6.jpg,assets/posters/297761.jpg,297761,135,最特别的英雄
100402,美国队长2,Captain America: The Winter Soldier,2014,7.6,"Action, Adventure, Sci-Fi","Actor 1, Actor 2, Actor 3, Actor 4, Actor 5",Various Directors,渐渐习惯了现代生活的美国队长史蒂夫·罗杰斯（克里斯·埃文斯 Chris Evans 饰），在一次行动后隐隐嗅到神盾局内部所弥漫出来的凶险气味。而当得知神盾局正秘密进行的“洞察计划”后，他更为此感到愤怒。某天，神盾局指挥官尼克·弗瑞（塞缪尔·杰克逊 Samuel L. Jackson 饰）遭到一群武装分子袭击，他拼尽全力将一支U盘交到美国队长手中，这里面藏着该局二战以来最重要且最可怕的秘密。在此之后，美国队长因涉嫌杀害尼克而遭到前局长亚历山大·皮尔斯（罗伯特·雷德福 Robert Redford 饰）的通缉和追杀，逃亡中他得到黑寡妇（斯嘉丽·约翰逊 Scarlett Johansson 饰）和退伍老兵“猎鹰”（安东尼·麦凯 Anthony Mackie 饰）的帮助。他们必须争分夺秒解开神盾局的秘密，阻止“洞察计划”的施行……,https://image.tmdb.org/t/p/w500/1BL3rc637ttCP2LiEL8V2vLemHS.jpg,assets/posters/100402.jpg,100402,136,复仇者联盟 强势回归前哨战
10195,雷神,Thor,2011,6.6,"Adventure, Fantasy, Action","Actor 1, Actor 2, Actor 3, Actor 4, Actor 5",Various Directors,勇敢善战雷神托尔（克里斯·海姆斯沃斯 Chris Hemsworth 饰），作为永恒境界阿斯加德的王位继承人，受人敬仰。然而由于一次鲁莽的行动，险些挑起一场古老的战争，因此被父亲天神奥丁（安东尼·霍普金斯 Anthony Hopkins 饰）流放到人间。托尔在人间认识了 美丽的女科学家珍•福斯特（娜塔莉·波特曼 Natalie Portman 饰）和她的工作伙伴，在他们的帮助下，托尔找到了和自己一起被贬的雷神之锤，但此时的雷神之锤并不属于他。此间，托尔的弟弟洛基为了成为阿斯加德的王，居然联合寒冰巨人，企图在永恒境界掀起一场腥风血雨。为了维持永恒之界的法度，托尔的四位朋友也来到人间，他们决定带托尔返回永恒之境。此时，为了阻止雷神重归永恒境界，洛基派出巨人杀死托尔。丧失能力和法战的托尔为了保护无辜的人类与自己的朋友，献出了自己的生命。托尔的死打破了天神的的咒语，托尔复活并重获雷神之力战胜巨人。此时，天神生命危在旦夕，托尔必须与自己的朋友们重返永恒之界，维护那里的法度……,https://image.tmdb.org/t/p/w500/lrlePosrYqpkz51XKWNNXVkqR4n.jpg,assets/posters/10195.jpg,10195,115,轰天动地 雷霆万钧
672,哈利·波特与密室,Harry Potter and the Chamber of Secrets,2002,7.4,"Adventure, Fantasy","Actor 1, Actor 2, Actor 3, Actor 4, Actor 5",Various Directors,哈利·波特结束了假期，即将回到霍格沃兹继续学习魔法。然而一个叫多比的家养小精灵出现警告哈利不要回到霍格沃兹，否则会陷入极大的危险。哈利没有听从多比的劝告，回到了霍格沃兹。很快，霍格沃兹发生了一连窜怪事：接二连三出现学生被石化，一直找不出原因。而哈利总能听到一种奇怪的声音，从墙壁里传出来。传说，霍格沃兹有一个密室，里面记录着伏地魔年轻时的秘密，只有斯莱特林的继承人才能打开密室。哈利偶然发现自己能听懂蛇说话，一时传闻是哈利打开了密室。难道多比所指的危险就隐藏在密室？,https://image.tmdb.org/t/p/w500/p6e7HSfWcrPCerEF23lin8bKuQ0.jpg,assets/posters/672.jpg,672,161,某种邪恶再度回到霍格沃兹
8587,狮子王,The Lion King,1994,8.0,"Family, Animation, Drama, Adventure","Actor 1, Actor 2, Actor 3, Actor 4, Actor 5",Various Directors,　　辛巴是荣耀王国的小王子，他的父亲穆法沙是一个威严的国王。然而叔叔刀疤却对穆法沙的王位觊觎已久。要想坐上王位，刀疤必须除去小王子。于是刀疤利用种种借口让辛巴外出，然后伺机大开杀戒，无奈辛巴被穆法沙及时来救。在反复的算计下，穆法沙惨死在刀疤手下。刀疤一方面别有用心地劝辛巴离开，一方面派人将他赶尽杀绝。辛巴逃亡中遇到了机智的丁满和善良的彭彭，他们抚养辛巴长成雄壮的大狮子，鼓励他回去森林复国。在接下来一场复国救民的斗争中，辛巴真正长成一个坚强的男子汉，领会了责任的真谛。,https://image.tmdb.org/t/p/w500/eFtJyNhv339OHknjFNq76bkxPlw.jpg,assets/posters/8587.jpg,8587,89,
98,角斗士,Gladiator,2000,7.9,"Action, Drama, Adventure","Actor 1, Actor 2, Actor 3, Actor 4, Actor 5",Various Directors,马克西蒙斯是罗马帝国战功显赫，受人拥戴的大将军。老国王马库斯·奥利利乌斯对大将军赏识有加，有意加冕于他。老国王对将军这种超越亲情的宠爱自然招来太子康莫迪乌斯的妒忌与不安，太子伺机杀害父亲，抢先登上王位，并马上下令诛杀大将军一家。马克西蒙斯死里逃生躲过暴君的魔爪，可是他所有的家人都未能幸免于难，返回家园，他只看到满目疮痍的破败景象。走投无路的马克西蒙斯只能投身为奴，从昔日的大将军沦为一名角斗士，在血腥厮杀中苟且求生。凭借英勇的气魄和高超的武艺，马克西蒙斯渐渐脱颖而出，晋级到罗马的大角斗场。这一次，他的剑直指暴君康莫迪乌斯，失去亲人的痛苦，沦为奴隶的屈辱，在马克西蒙斯的内心燃起了熊熊怒火。,https://image.tmdb.org/t/p/w500/7vOUGVXVmqBf23GaUMjiLyZ8iXM.jpg,assets/posters/98.jpg,98,155,英雄崛起。
1930,超凡蜘蛛侠,The Amazing Spider-Man,2012,6.5,"Action, Adventure, Sci-Fi","Actor 1, Actor 2, Actor 3, Actor 4, Actor 5",Various Directors,童年的一起突发事件，令彼得·帕克和父母生离死别。转眼彼得成为一名高中生，他偶然发现父亲的公文包，并从叔父本处得到线索，于是启程前往奥斯库公司拜访父亲当年的合作伙伴——科特·康纳斯博士。在公司内四处寻找线索的彼得意外被蜘蛛咬了一口，回程途中他的身体发生奇异的变化。在康纳斯博士德引导下，彼得不断了解并发掘体内着超乎寻常的能力，喜怒哀乐，各种意想不到的事情迅速向他袭来。直到某日，他便成了影响深远的超级战士蜘蛛侠。而城市内也出现了凶恶的蜥蜴人，彼得不平凡的人生就此展开。,https://image.tmdb.org/t/p/w500/ppwZ5K8743c5iGEPsqCSCvlpy13.jpg,assets/posters/1930.jpg,1930,136,不为人知的故事开始了
674,哈利·波特与火焰杯,Harry Potter and the Goblet of Fire,2005,7.5,"Adventure, Fantasy","Actor 1, Actor 2, Actor 3, Actor 4, Actor 5",Various Directors,这是一个不同寻常的学期，魔法学校的盛事：三强争霸赛将在霍格沃茨举行。学生们争先报名，希翼获得永恒无上的荣誉。火焰杯在选出三所学校的三名勇士后，竟将未足年龄的哈利也挑选出来。哈利的当选引起其他学生的嫉妒连连，就连铁哥们罗恩也首次和他闹起了别扭，哈利感到孤立无援，还好有教父小天狼星和赫敏一直支持他。可总有些好事者如记者丽塔等着看他的好戏。天知道这场比赛是何等艰辛危险，在龙的眼皮下偷蛋，潜入湖底救人，在迷宫中探险……一不小心，甚至可能付出生命的代价。黑魔王伏地魔的威胁渐渐显现，每一天都险象环生，动人心弦。,https://image.tmdb.org/t/p/w500/wFWTByIUYjtB113HTriXJXTN13S.jpg,assets/posters/674.jpg,674,157,前面的路艰险重重
49047,地心引力,Gravity,2013,7.3,"Sci-Fi, Thriller, Drama","Actor 1, Actor 2, Actor 3, Actor 4, Actor 5",Various Directors,瑞恩·斯通博士是一位才华横溢的医学工程师，正在执行她的首次航天飞机任务。此次飞行由资深宇航员马特·科沃斯基指挥，也是他退休前的最后一次飞行。然而，在一次看似常规的太空行走中，灾难突袭。航天飞机被毁，斯通和科沃斯基陷入彻底的孤立——他们除了彼此之外无所依附，旋转着坠入无垠的黑暗。死寂的无声告诉他们，与地球的任何联系都已中断，获救的希望微乎其微。当恐惧转为恐慌，每一次呼吸都在耗尽所剩无几的氧气。然而，回家的唯一途径，或许竟是向更浩瀚骇人的太空深处进发。,https://image.tmdb.org/t/p/w500/8iPnmXqknVGlDmhhJvp41QIrSd0.jpg,assets/posters/49047.jpg,49047,91,史上最强太空科幻电影
87827,少年派的奇幻漂流,Life of Pi,2012,7.2,"Adventure, Drama","Actor 1, Actor 2, Actor 3, Actor 4, Actor 5",Various Directors,故事开始于蒙特娄，也结束于蒙特娄。一名在找寻灵感的作家（拉菲·斯波 Rafe Spall 饰）无意间得知派·帕帖尔（伊尔凡·可汗 Irrfan Khan 饰）的传奇故事。派的父亲（阿迪勒·侯赛因 Adil Hussain 饰）开了一家动物园。因这样特殊的生活环境，少年派（苏拉·沙玛 Suraj Sharma 饰 ）对信仰与人的本性自有一套看法。在派17岁那一年，他的父母决定举家移民加拿大以追求更好的生活，而他也必须离开他的初恋情人。在前往加拿大的船上，他们遇见一位残忍成性的法国厨师（杰拉尔·德帕迪约 Gérard Depardieu 饰）。当天深夜在茫茫大海中，原本令派感到刺激无比的暴风雨一瞬间就成了吞噬货船的大灾难。派却奇迹般地活了下来，搭着救生船在太平洋上漂流，而且有一名最令人意想不到的同伴——理查德·帕克，一只孟加拉老虎。神奇的冒险旅程就这样意外开始了……,https://image.tmdb.org/t/p/w500/eDUzhpGbIjIcdzsstlbEksn1n7A.jpg,assets/posters/87827.jpg,87827,127,不凡历程 不虚此生
49521,超人：钢铁之躯,Man of Steel,2013,6.5,"Action, Adventure, Sci-Fi","Actor 1, Actor 2, Actor 3, Actor 4, Actor 5",Various Directors,氪星人乔·艾尔（罗素·克劳 Russell Crowe 饰）抵死反抗佐德将军（迈克尔·珊农 Michael Shannon 饰）的邪恶计划，冒险将刚出生不久的儿子卡尔·艾尔送到地球。卡尔降落在美国堪萨斯一座小镇，他幸运地成为乔纳森·肯特（凯文·科斯特纳 Kevin Costner 饰）和玛莎（黛安·莲恩 Diane Lane 饰）的养子，并且得名克拉克。克拉克从小显露出与众不同的能力与特征，但这些带给他惊讶的同时还有数不清的烦恼。通过养父的引导，克拉克（亨利·卡维尔 Henry Cavill 饰）慢慢弄清自己的身世以及所肩负的使命。终于有一天，遥远故乡的“同胞”莅临地球。站在故乡与地球、邪恶与正义的两端，超人即将面临重大的抉择……,https://image.tmdb.org/t/p/w500/xXCWxNeSrdsv6DJwWblzEeAXuh7.jpg,assets/posters/49521.jpg,49521,143,你会相信一个人可以飞翔
102899,蚁人,Ant-Man,2015,7.0,"Sci-Fi, Adventure, Action","Actor 1, Actor 2, Actor 3, Actor 4, Actor 5",Various Directors,前工程师斯科特·朗（保罗·路德 Paul Rudd 饰）由于劫富济贫进了监狱，出狱后的他为了争取看望女儿的权利又走上了盗窃之路。没想到一次意外的偷盗事件让他成为了新一代“蚁人”，老蚁人汉克.皮姆博士（迈克尔·道格拉斯 Michael Douglas 饰）成为了他的导师，可皮姆博士的女儿霍普（伊万杰琳·莉莉 Evangeline Lilly 饰）却并不看好他。但是危机迫在眉睫，为了对付强大的敌人拯救世界，斯科特不得不叫来自己的一帮狐朋狗友帮助自己完成一个不可能完成的任务。而取得任务的成功也是斯科特挽回女儿的关键，屌丝能否逆袭就看最后一击。,https://image.tmdb.org/t/p/w500/suZW9guVIfFvlAM1vCiDVyJMyTs.jpg,assets/posters/102899.jpg,102899,117,复联新英雄强势登场 绝地反击的秘密武器
675,哈利·波特与凤凰社,Harry Potter and the Order of the Phoenix,2007,7.4,"Adventure, Fantasy","Actor 1, Actor 2, Actor 3, Actor 4, Actor 5",Various Directors,逃过摄魂怪的追杀，通过魔法部的审查，哈利终于回到美丽的霍格沃兹。然而这个学期并不轻松，他不仅要完成魔法等级考试，还要应对夜晚的噩梦和黑魔法防御课老师乌姆里奇的打压。在好友的支持下，哈利秘密组建了邓不利多军团，与大家一起练习黑魔法防御术。噩梦中，哈利总是以伏地魔的视角出现，似乎他们之间有着某种神秘的联系。在邓不利多的指示下，哈利向斯内普教授学习大脑封闭术，却鲜有成效。终于在一次噩梦的诱使下，哈利偏执的赶往魔法部营救小天狼星，却不想陷入伏地魔的圈套，引发凤凰社与食死徒之间的正面冲突。在混战中，小天狼星不幸遇难。究竟哈利与伏地魔之间有着怎样的联系？在悲恸中，邓不利多为哈利揭开谜底，哈利还有更长、更艰难的路要走……,https://image.tmdb.org/t/p/w500/vTRfNdAzQet1kRpEYRfEqSixklh.jpg,assets/posters/675.jpg,675,138,反动就要开始
862,玩具总动员,Toy Story,1995,7.7,"Family, Comedy, Animation, Adventure","Actor 1, Actor 2, Actor 3, Actor 4, Actor 5",Various Directors,在胡迪的带领下，安迪的玩具们一直在他的房间里快乐地生活着，直到安迪的生日将巴斯光年带入这个大家庭。由于害怕自己在安迪心中的地位被取代，胡迪对这位新成员心存忌惮并密谋排挤。然而当各种意外将巴斯和胡迪与主人分离后，这对冤家逐渐学会了搁置分歧、携手共渡难关。[皮克斯],https://image.tmdb.org/t/p/w500/tXAhMF48GYcmzhm45Iw4GDjNnB9.jpg,assets/posters/862.jpg,862,81,坚持下去 喜剧将无限延伸
10528,大侦探福尔摩斯,Sherlock Holmes,2009,7.0,"Adventure, Crime, Mystery","Actor 1, Actor 2, Actor 3, Actor 4, Actor 5",Various Directors,大侦探福尔摩斯（小罗伯特·唐尼 Robert Downer Jr. 饰）即使在置人于死地之时也异常的逻辑清晰，然而办案时有条不紊的他在私底下的生活中简直就是个“怪胎”，至少在他的助手华生医生（裘德·洛 Jude Law饰）眼中他是这样一个人。他们亲手绳之以法的“黑暗巫师”布莱克大人（马克·斯特朗 Mark Strong 饰）在临死前说死亡即是开始，随后艾琳·艾德勒（瑞秋·麦克亚当斯 Rachel McAdams 饰）出现在他的身边要他帮忙找个失踪的人，而她身边有个影子般可怕人物。坊间传说黑暗巫师已经复活，他的墓地遭到破坏，而躺在棺材里的人另有其人。又到了大侦探福尔摩斯出马的时候了，然而调查过程从一开始就险象环生，助手华生医生在调查中更是险些丧命，福尔摩斯也陷入连串的迷团之中。,https://image.tmdb.org/t/p/w500/qZDlLFErloz1R3gTYAVPkr2wjiv.jpg,assets/posters/10528.jpg,10528,128,
75656,惊天魔盗团,Now You See Me,2013,7.3,"Thriller, Crime","Actor 1, Actor 2, Actor 3, Actor 4, Actor 5",Various Directors,不夜赌城拉斯维加斯，豪华的表演大厅内正在进行一场前所未有的魔术表演，由丹尼尔·阿特拉斯（Jesse Eisenberg）、亨莉·里维斯（Isla Fisher）、杰克·怀尔德（Dave Franco）和梅里特·麦克金尼（Woody Harrelson）四位魔术师组成的“四骑士”配合天衣无缝，在众目睽睽之下偷来了某法国银行金库内350万欧元纸币，此举在现场至全世界引起轰动。FBI探员罗德（Mark Ruffalo）和国际刑警埃尔玛·德雷（Mélanie Laurent）奉命对四人展开调查，却一无所获。无奈之下，他们只得求助于极具名气的揭露魔术师布莱德利（Morgan Freeman）。  魔术师、盗贼、FBI探员，光影交错下最精彩的较量，连番上演……,https://image.tmdb.org/t/p/w500/msyRoSgpO7hbq1oK646MRoS4ASN.jpg,assets/posters/75656.jpg,75656,115,4位了不起的魔术师。3个不可能的抢劫。10亿美元。这不是幻想。
209112,蝙蝠侠大战超人：正义黎明,Batman v Superman: Dawn of Justice,2016,5.7,"Action, Adventure, Fantasy","Actor 1, Actor 2, Actor 3, Actor 4, Actor 5",Various Directors,故事发生在大都会之战 18 个月后，在那场战斗中许多建筑和市民惨遭波及。因为超人（亨利·卡维尔 饰）帮助人类解决了很多问题而被当做神来膜拜，但超人也因与佐德之战对城市造成的破坏而遭到逮捕和审讯，一度成为都市传说的蝙蝠侠韦恩（本·阿弗莱克 饰）重新出现在人们面前，他似乎正是为了惩罚超人而来。年轻的富豪莱克斯·卢瑟（杰西·艾森伯格 饰）又在二者的矛盾中挑拨离间，神秘的戴安娜·普林斯（盖尔·加朵 饰）也因自己的目的介入其中……,https://image.tmdb.org/t/p/w500/99awnNv2yHCeeMmCLpbwqhDLaLa.jpg,assets/posters/209112.jpg,209112,152,正义还是复仇
857,拯救大兵瑞恩,Saving Private Ryan,1998,7.9,"War, Drama, History","Actor 1, Actor 2, Actor 3, Actor 4, Actor 5",Various Directors,二战诺曼底登陆战中，约翰·米勒上尉率领一支小分队深入战区，奉命寻找二等兵詹姆斯·瑞恩并将其送回美国母亲身边——这位母亲已在这场战争中失去了另外三个儿子。,https://image.tmdb.org/t/p/w500/8pqkvhFaWCaQTWVDcWde127VixT.jpg,assets/posters/857.jpg,857,169,任务是拯救一个人
767,哈利·波特与混血王子,Harry Potter and the Half-Blood Prince,2009,7.4,"Adventure, Fantasy","Actor 1, Actor 2, Actor 3, Actor 4, Actor 5",Various Directors,食死徒开始肆无忌惮横行于麻瓜和魔法两个世界中，霍格沃茨内忧外患，危机重重。邓不利多带着哈利辗转找到隐居多年的霍拉斯·斯拉格霍恩，请他出山接替斯内普担任魔药学的老师。霍拉斯曾经教授过无数优秀的学生，而汤姆·里德尔——伏地魔正是他最出色的一名弟子。邓不利多深信霍拉斯保有伏地魔不死身的秘密，他希望哈利能够说服霍拉斯交出秘密。另一方面，德拉科·马尔福宣誓效忠伏地魔，他想方设法将食死徒引入霍格沃茨。而此时，罗恩、赫敏他们却还沉浸在青春的躁动中，全然不知黑暗正渐渐逼近……,https://image.tmdb.org/t/p/w500/aNDhtiAudIoEnTAI7z5igghhW5u.jpg,assets/posters/767.jpg,767,153,黑暗的秘密已然揭晓
109445,冰雪奇缘,Frozen,2013,7.3,"Animation, Family, Adventure, Fantasy","Actor 1, Actor 2, Actor 3, Actor 4, Livvy Stubenrauch",Various Directors,在四面环海、风景如画的阿伦黛尔王国，生活着两位可爱美丽的小公主，艾莎和安娜。艾莎天生具有制造冰雪的能力，随着年龄的增长，她的能力越来越强，甚至险些夺走妹妹的生命。为此国王紧闭宫门，也中断了两姐妹的联系。悲哀的海难过后，艾莎（伊迪娜·门泽尔 Idina Menzel 配音 ）终于到了加冕的年龄，各国王公齐来祝贺。艾莎战战兢兢，唯恐被人识破隐藏了多年的秘密。然而当听说安娜（克里斯汀·贝尔 Kristen Bell 配音）将要和初次见面的南埃尔斯王子汉斯（圣蒂诺·方塔纳 Santino Fontana 配音）结婚时，依然情绪失控露出了马脚。在此之后她逃到山中，构建了属于自己的冰雪王国，而阿伦黛尔也陷入可怕的寒冷之中。安娜独自来到山中，在山民克斯托夫（乔纳森·格罗夫 Jonathan Groff 配音）的帮助下总算来到姐姐的宫殿，她能否让国家重新找回失落的绿意？,https://image.tmdb.org/t/p/w500/vMBtfmxa9KN8ituT6Y4m8xRP1kt.jpg,assets/posters/109445.jpg,109445,102,最冷酷的世界 都将热雪沸腾
9806,超人总动员,The Incredibles,2004,7.4,"Action, Adventure, Animation, Family","Actor 1, Actor 2, Actor 3, Actor 4, Actor 5",Various Directors,鲍勃是一个超人特工，他惩恶扬善，深受街坊邻里的爱戴。“不可思议”先生就是他的光荣外号。他和另一个超人特工“弹力女超人”相爱，两人结婚后过上平静的生活。15年过去了，鲍勃已经像普通人一样生活，当上了保险公司的理赔员。然而他心中还是有着技痒之时。当他知道有发明家要展开攻击超人特工队、毁灭人类的计划，鲍勃终于按捺不住了。他要重出江湖，挽救人类护卫地球。但中年的超人已经大腹便便，他和敌人的斗争充满了悬念。鲍勃的妻子也跟丈夫一起投入到这场艰巨的战争中。,https://image.tmdb.org/t/p/w500/9itP38fD0srB6pIAODUY4cVFYzk.jpg,assets/posters/9806.jpg,9806,115,
24,杀死比尔,Kill Bill: Vol. 1,2003,7.7,"Action, Crime","Actor 1, Actor 2, Actor 3, Actor 4, Actor 5",Various Directors,这是一部令人眼花缭乱，绝对能带给您感官刺激的动作电影。一个新娘（乌玛•瑟曼Uma Thurman饰）在自己的婚礼上遭到了暗杀，婚礼瞬间变成了一片狼籍的红色。幸运的是，新娘并没有就此消失，而是在四年后苏醒过来，并且接受了高强度的各种各样的武术训练，开始踏上了自己的复仇之路，在世界各地寻找给自己带来灾难的人。当然，她也遇到了许多阻碍。日本杀手（刘玉玲饰）就是其中之一。这场红色的复仇之路究竟伸向何处，又有多曲折呢？,https://image.tmdb.org/t/p/w500/2xpk1P7xqDI1tZeK8bkSJbOwPpP.jpg,assets/posters/24.jpg,24,111,新娘来了。
198663,移动迷宫,The Maze Runner,2014,7.0,"Action, Mystery, Sci-Fi, Thriller","Actor 1, Actor 2, Actor 3, Actor 4, Actor 5",Various Directors,男孩托马斯（迪伦·欧布莱恩 Dylan O'Brien 饰）在电梯中醒来，奇怪的是他除了名字之外什么都记不得。当电梯打开，他来到了一个陌生的地方“林间空地”。这里四周被高大的石头墙包围着，墙内住着许多男孩，有纽特（托马斯·桑斯特 Thomas Sangster 饰）、查克（布雷克·库珀 Blake Cooper 饰）、米诺（李基弘 Ki Hong Lee 饰）等人，他们都被困在迷宫里，而墙外还有一群巨大的怪兽威胁着。一天，电梯为他们送来了一个女孩特雷莎（卡雅·斯考达里奥 Kaya Scodelario 饰），她是来这里的第一个女孩。此后，迷宫逐渐开始发生变化，一切都陷入了混乱中，托马斯和特雷莎决定一起走上破解迷宫之路，找出迷宫背后令人不寒而栗的秘密。影片改编自詹姆斯·达什纳撰写的同名反乌托邦科幻小说三部曲的第一本。 ©豆瓣,https://image.tmdb.org/t/p/w500/qckzoRTv9CplC7P6kKeNNrCQCvN.jpg,assets/posters/198663.jpg,198663,113,记忆。 生存。 奔跑。
72190,僵尸世界大战,World War Z,2013,6.7,"Action, Horror, Sci-Fi, Thriller","Actor 1, Actor 2, Actor 3, Actor 4, Actor 5",Various Directors,费城一个毫无征兆的宁静早晨，前联合国调查员盖瑞·雷恩（布拉德·皮特 Brad Pitt 饰）驾车载着妻子凯伦（米瑞·伊诺丝 Mireille Enos 饰）和两个女儿蕾切尔（Abigail Hargrove 饰）、康妮（Sterling Jerins 饰）外出。谁知原本快乐的气氛很快变为恐慌与死亡所替代，连环的爆炸，惊恐逃散的人群，无序的车祸以及啃咬他人的丧尸，繁华大都会转瞬沦陷。盖瑞费尽九牛二虎之力带着妻女逃生，最终逃到联合国副秘书长所在的航母上，进而得知包括美国总统在内的数名大国首脑均已死亡，丧尸病毒业已蔓延全球。为了阻止世界毁灭，格里无奈受命，和来自哈佛的病毒学博士法斯巴克（Elyes Gabel 饰）前往病毒的源头之地寻找解除危机的办法。  这是一场几乎完全没有希望且充满磨难的征程，世界命运危在旦夕……,https://image.tmdb.org/t/p/w500/9cDs0D3ySShIQVBDMUaWn7OvgtA.jpg,assets/posters/72190.jpg,72190,116,期待奇迹就是最纯粹的绝望
240832,超体,Lucy,2014,6.3,"Action, Sci-Fi","Actor 1, Actor 2, Actor 3, Actor 4, Actor 5",Various Directors,居住在台北的年轻女子露西，被迫成为“人体快递”， 胃里被黑帮植入一种新型病毒，在一次被暴打后，胃里的病毒融入血液，从而使她意外拥有了用意念便可控制周围物体的超能力，比如预见未来、用意念移动物品、消除疼痛、瞬间变身等。她的顽强反抗和逃脱也因此引起非法组织的追杀，在调查非法组织并与之斗争的同时，自己的生命也在迅速走向消亡，在挽救生命、寻找真相的道路上，露西从手无缚鸡之力的弱女子逐渐成长为一名无所不能、无所不在的超级女英雄。,https://image.tmdb.org/t/p/w500/URbh8kKuNzegDy8PCXwNk80lar.jpg,assets/posters/240832.jpg,240832,89,我，无处不在
137113,明日边缘,Edge of Tomorrow,2014,7.6,"Action, Sci-Fi","Actor 1, Actor 2, Actor 3, Actor 4, Actor 5",Various Directors,未来世界陷入外星人入侵的恐慌中，军事演说家凯奇少校畏惧上战场，他从没想过将军会让他去指挥即将开始的“诺曼底战役”，拒绝接受命令之后将军居然恶整了他，那就是把他当做逃兵扔进了军营中。凯奇被归入了J小队中进行战斗，战役的第一天就惨死在战场，没想到这一死让他拥有了时空循环的能力，而唯一相信他的人就是被称为“全金属战士”的丽塔·沃拉塔斯基。二人开始了时空循环作战，在训练凯奇的同时他们发现了控制时间的奥秘，这与外星人“主脑”欧米茄有关，但是唯一能取得胜利的方法就是让凯奇不断死去、不断重启时间。在不断重复登陆那天的战斗的同时，凯奇越来越不想失去丽塔……,https://image.tmdb.org/t/p/w500/pBmA5w8lPl2eXW6FQ7Jgj0P2yI4.jpg,assets/posters/137113.jpg,137113,113,生 死 轮回
329,侏罗纪公园,Jurassic Park,1993,7.6,"Adventure, Sci-Fi","Actor 1, Actor 2, Actor 3, Actor 4, Actor 5",Various Directors,哈蒙德立志要建立一个非同寻常的公园：恐龙将是这个公园的主角。他把众多科学家收归旗下，利用琥珀里面困住的远古蚊子体内的血液，提取出恐龙的基因信息，利用这些信息培育繁殖恐龙。结果如愿以偿，他把怒布拉岛建立成了一个恐龙公园，坚信可以从中赚取大钱。然而，科学家们则忧心忡忡。不幸的事情果然发生了。虽然公园有电脑系统管理，但却因为被员工破坏而造成了无法挽救的失控：所有的恐龙逃出了控制区，人们纷纷逃窜却逃不过恐龙的魔爪。恐龙自相残杀，人们亦死难无数，最后幸存者寥寥，只得四人逃出生天。怒布拉岛上空弥漫着恐怖的气息。,https://image.tmdb.org/t/p/w500/yA7cGO80LoWvP49pEXCkcQmDd4o.jpg,assets/posters/329.jpg,329,127,一场跨越六千五百万年的冒险之旅。
131631,饥饿游戏3：嘲笑鸟（上）,The Hunger Games: Mockingjay - Part 1,2014,6.6,"Sci-Fi, Adventure, Thriller","Actor 1, Actor 2, Actor 3, Actor 4, Actor 5",Various Directors,　　凯特尼斯·伊夫狄恩，燃烧的女孩，虽然她的家被毁了，可她却活了下来。盖尔也逃了出来，凯特尼斯的家人也安全了，皮塔被凯匹特抓走了。十三区并不真的存在，出现了反抗，出现了新的领导者，一个革命的序幕正在缓缓拉开。凯特尼斯从噩梦般的竞技场逃出来是已经设计好的，她是反抗运动的参与者，也是设计好的，而她对此并不知情。十三区从隐蔽处出来了，并计划推翻凯匹特的统治。似乎每个人都参与了这项精心策划的行动，而只有凯特尼斯并不知情。反抗运动将凯特尼斯卷入了漩涡，她被迫成为棋子，她被迫为许多人的使命负责，不得不肩负起改变帕纳姆国的未来的负责。为了做到这一切，她必须抛却愤怒和不信任，她必须要成为反抗者的嘲笑鸟――不管要付出多大的代价。,https://image.tmdb.org/t/p/w500/7RQXoxZ0psAiSQXxm8BYN3o09yL.jpg,assets/posters/131631.jpg,131631,123,游戏升级，全面开战
1892,星球大战6：绝地归来,Return of the Jedi,1983,7.9,"Adventure, Action, Sci-Fi","Actor 1, Actor 2, Actor 3, Actor 4, Actor 5",Various Directors,银河帝国再度建造威力更强大、更坚不可破的“死星”，邪恶的势力又再一次威胁莱娅公主所领导的反抗军。莱娅公主等人前去援救被贾巴囚禁的索罗船长，却失败被贾巴捉住，最后在卢克·天行者的支持下，众人才成功逃出。卢克前往大师尤达的住所，即将离世的尤达告诉他一个令人震惊的事实：达斯·维德正是他的父亲！尽管如此，卢克仍重新加入反抗军的行列，并准备攻打帝国军新建的死星。此时，帝国皇帝达斯·西迪厄斯也正在新死星上，他设下了陷阱准备诱捕卢克。独闯虎穴的卢克无法抵御代表黑暗最高势力的西迪厄斯的西斯闪电，奄奄一息陷入绝境。身处一旁的达斯·维德眼见儿子即将死去，终于觉醒，为保护卢克而与皇帝同归于尽。安纳金·天行者终于恢复了善良的本性，在卢克“父亲！父亲！”呼唤声中，他释然地微笑着死去。,https://image.tmdb.org/t/p/w500/vGslFvhmMsFRfN956B1UDOfjR1C.jpg,assets/posters/1892.jpg,1892,131,帝国崩塌……
49538,X战警：第一战,X-Men: First Class,2011,7.1,"Action, Sci-Fi, Adventure","Actor 1, Actor 2, Actor 3, Actor 4, Actor 5",Various Directors,年轻的X教授查尔斯（詹姆斯·麦卡沃伊 James McAvoy 饰）和万磁王埃里克（迈克尔·法斯宾德 Michael Fassbender 饰）是一对志向相投的好朋友。他们最早发现了自己的超能力，并与其他几个变种人一起在CIA工作。引发埃里克超能力的纳粹战争犯肖（凯文·贝肯 Kevin Bacon 饰）一直试图挑起核战争，而想方设法挑起美苏两国的矛盾。埃里克和查尔斯一直与肖手下的变种人战斗，努力阻止肖的阴谋。肖怂恿苏联引发古巴导弹危机，查尔斯和埃里克获知消息后，在海湾与肖手下的变种人拉开了对决的一战。最终，肖被查尔斯和埃里克合力消灭。可是，在这个过程中，埃里克逐渐被肖的政治观点影响，与查尔斯产生裂痕。通过海湾的这一战，埃里克和查尔斯最终决裂，一方是支持人类与变种人和平共存的X教授；另一方坚持通过消灭人类换来变种人兴起的观点，自称万磁王……,https://image.tmdb.org/t/p/w500/2ANxv25xdvO1epNslQMVAZNAcXi.jpg,assets/posters/49538.jpg,49538,132,见证改变世界的时刻
58,加勒比海盗2：聚魂棺,Pirates of the Caribbean: Dead Man's Chest,2006,7.0,"Adventure, Fantasy, Action","Actor 1, Actor 2, Actor 3, Actor 4, Actor 5",Various Directors,迷人的杰克船长又回来了，这次，他遇到了更为强大的敌人——传说中的不死人大卫·琼斯，他驾驶着让人恐惧的“飞行荷兰人”号快船，在速度与装备上，没有任何船能够超越它。杰克船长欠下琼斯一个血债，他必须赶在最后时限到来之前，找到破解的方法，否则他会永远背负血债，并且在余生永远成为琼斯的奴隶。,https://image.tmdb.org/t/p/w500/72vRdR3iT2vv1ZpYmveOvnFJgJk.jpg,assets/posters/58.jpg,58,151,杰克船长回来了！
120467,布达佩斯大饭店,The Grand Budapest Hotel,2014,8.0,"Comedy, Drama","Actor 1, Actor 2, Actor 3, Actor 4, Actor 5",Various Directors,韦斯·安德森以其冷峻机锋与视觉奇想，在两次世界大战之间旧世浮华的欧洲舞台上，铺陈开这场精致的冒险轶事。在奢华非凡的布达佩斯大饭店中，礼宾员古斯塔沃先生与他的年轻门生零因卷入一起无价文艺复兴画作失窃案与巨额家族遗产争夺战而建立起坚不可摧的羁绊——而此时整个大陆正被政局动荡所吞噬。这部精心雕琢的作品既是酣畅淋漓的流浪汉传奇，亦是对逝去世界之辉煌与友谊的深情颂歌。[标准收藏],https://image.tmdb.org/t/p/w500/1Hd0xHLGnu4TRcq0lYG50KbAxfb.jpg,assets/posters/120467.jpg,120467,100,D夫人巨额财产谋杀案，围绕其猝死的最骇人听闻事件！
264660,机械姬,Ex Machina,2015,7.6,"Drama, Sci-Fi","Actor 1, Actor 2, Actor 3, Actor 4, Actor 5",Various Directors,片中，伊萨克饰演一名神秘的亿万富翁，格里森饰演他公司的一名程序员，后者由于赢得公司一项幸运大奖而被邀请到老板的别墅共度周末。这栋别墅隐匿于林间，它其实是一座高科技的研究所。在那里，格里森被介绍给名为“伊娃”的人工智能机器人(艾丽西卡·维坎德 饰演)，原来他被邀请到这里的真正目的是进行针对伊娃的“图灵测试”(注：一项由图灵提出的测试机器是否具备人类智能的的著名实验）……,https://image.tmdb.org/t/p/w500/cHwEZ228z5nbwjbiMWC4QMBljtq.jpg,assets/posters/264660.jpg,264660,108,
274,沉默的羔羊,The Silence of the Lambs,1991,8.1,"Crime, Thriller, Drama","Actor 1, Actor 2, Actor 3, Actor 4, Actor 5",Various Directors,"在这部改编自托马斯·哈里斯畅销小说的惊世之作中，技艺超凡的导演乔纳森·戴米以令人毛骨悚然的笔触，勾勒出缠绕美国社会的梦魇——连环谋杀。朱迪·福斯特颠覆性地诠释了联邦调查局见习探员克拉丽丝·史达琳的形象，为洞悉另一名连环杀手的心智，她不得不求助于恶名昭彰的""食人魔""汉尼拔·莱克特，此番表演亦成为其演艺生涯中最令人难忘的篇章。与她交锋的安东尼·霍普金斯，则塑造出堪称典范的暗黑英雄形象——优雅博学、机锋凌厉却暗藏杀戮本能，令人战栗地呈现了人性彻底堕落的剖面。这部兼具扣人心弦的刑侦叙事与扭曲心理深度探索的杰作，当年横扫奥斯卡最佳影片、导演、改编剧本、男女主角五项大奖，至今仍是影史文化里程碑。[标准收藏公司]",https://image.tmdb.org/t/p/w500/guKREBLV4nSzT52rKAjHFjSjhsL.jpg,assets/posters/274.jpg,274,119,要进入杀手的头脑，她必须挑战疯子的头脑。
424,辛德勒的名单,Schindler's List,1993,8.3,"Drama, History, War","Actor 1, Actor 2, Actor 3, Actor 4, Actor 5",Various Directors,"1939年，波兰在纳粹德国的统治下，党卫军对犹太人进行了隔离统治。德国商人奥斯卡·辛德勒（连姆·尼森 Liam Neeson 饰）来到德军统治下的克拉科夫，开设了一间搪瓷厂，生产军需用品。凭着出众的社交能力和大量的金钱，辛德勒和德军建立了良好的关系，他的工厂雇用犹太人工作，大发战争财。 1943年，克拉科夫的犹太人遭到了惨绝人寰的大屠杀，辛德勒目睹这一切，受到了极大的震撼，他贿赂军官，让自己的工厂成为集中营的附属劳役营，在那些疯狂屠杀的日子里，他的工厂也成为了犹太人的避难所。 1944年，德国战败前夕，屠杀犹太人的行动越发疯狂，辛德勒向德军军官开出了1200人的名单，倾家荡产买下了这些犹太人的生命。在那些暗无天日的岁月里，拯救一个人，就是拯救全世界。",https://image.tmdb.org/t/p/w500/7cDI6MrIi12uQxfipiNIeJPYljy.jpg,assets/posters/424.jpg,424,195,谁拯救了一条生命，谁就拯救了整个世界。
557,蜘蛛侠,Spider-Man,2002,6.8,"Action, Sci-Fi","Actor 1, Actor 2, Actor 3, Actor 4, Actor 5",Various Directors,彼得·帕克只是美国一个平凡的高中生，当他被蜘蛛博物馆偷跑出来的变种蜘蛛咬了一口之后，彼得的生活彻底改变了。他变得和蜘蛛一样，拥有各种蜘蛛特有的超能力：从手指喷出粘力极强的蜘蛛丝、飞檐走壁等等。彼得兴奋异常，开始利用自己的超能力去赚钱。但当他最爱的叔叔被自己放走的罪犯杀死后，彼得发誓要用自己的超能力去打击犯罪。彼得好友哈利的父亲诺曼是一家生物科技公司的老板，因自己公司生产的飞行器没得到军方首脑赏识而苦恼不堪。一次意外诺曼吸入神经毒气而具有了超能力，引发了自身邪恶的本性，骑着自己研发的飞行器去到处破坏、杀人。彼得化身的蜘蛛侠开始出击了！,https://image.tmdb.org/t/p/w500/325ufCzYxTZg45Bwaawlna3zcUC.jpg,assets/posters/557.jpg,557,121,能力越大 责任越大
37165,楚门的世界,The Truman Show,1998,7.8,"Comedy, Drama","Actor 1, Actor 2, Actor 3, Actor 4, Actor 5",Various Directors,二十九年前，一名男婴被奥姆尼康电视公司收养，从此成为全球最受欢迎的电视节目的主人公。他的名字叫楚门·伯班克。[派拉蒙影业],https://image.tmdb.org/t/p/w500/nAnzFcqORitpwvRQPceIt4mcm8G.jpg,assets/posters/37165.jpg,37165,103,如果再也不能见到你，祝你早安午安晚安。
348,异形,Alien,1979,7.9,"Horror, Sci-Fi","Actor 1, Actor 2, Actor 3, Actor 4, Actor 5",Various Directors,未来的世界，人类已能轻松穿梭于星际之间，在太空中展开商业活动。“诺斯特罗莫”是在太空活动的众多星际商业运输船之一。一次，它完成任务满载太空矿石返航地球时，突然收到了一组奇怪的信号，由于这可能是求救信号，飞船接到指令前往信号源地进行搜救。经过一段飞行后，飞船终于抵达信号源发出的地方。船员们发现此处果然有一艘坠毁的飞船，只是，经过一番搜索，他们发现该船的船员们都早已死亡，化为化石。此时，留在“诺斯特罗莫”号的第三指挥官蕾普莉已经破译出该信号并不是求救信号，而是警告信号！队员的生死搏斗开始了！,https://image.tmdb.org/t/p/w500/uuGKhdNWrZegCr2cYz7OFXiMzNo.jpg,assets/posters/348.jpg,348,117,在遥远的太空 无人能听到你的尖叫
244786,爆裂鼓手,Whiplash,2014,8.3,"Drama, Music, Thriller","Actor 1, Actor 2, Actor 3, Actor 4, Actor 5",Various Directors,年轻的爵士鼓手安德鲁·奈曼就读于全国顶尖的音乐学院，师从令人畏惧的爵士乐导师特伦斯·弗莱彻，在成为顶尖爵士鼓手的道路上奋力挣扎。,https://image.tmdb.org/t/p/w500/wOBIYg8cJUNumlBGyUk47Sw4olf.jpg,assets/posters/244786.jpg,244786,107,
1124,致命魔术,The Prestige,2006,8.0,"Drama, Mystery, Sci-Fi","Actor 1, Actor 2, Actor 3, Actor 4, Actor 5",Christopher Nolan,19世纪末，人们对科学文明的认知还不太清楚，于是，安吉尔和伯登凭借魔术，成为了伦敦城内的神奇人物。安吉尔出身贵族，魔术手段华丽丰富，是富人圈子里的表演常客。而伯登即使出身平平，争强好胜的心智和充满创造力的魔术技巧，却也令他有了名气。两人自小便是要好的伙伴，然而，现在魔术界二人各有领地，并且都有野心想成为顶级魔术师，一番明争暗斗如箭在弦上。伯登掌握了精彩的分身术，叫座又叫好。而安吉尔见情势不妙，搬来科学家助阵——他发明的交流电有无穷魔力，保证让观众目瞪口呆。二人出招接招，一来一往，争斗在剧烈升级，友谊和道德都被抛诸脑后，一场血案在悄悄酝酿。,https://image.tmdb.org/t/p/w500/5DMDkeRfgISRqwxgrX9McAYwu6A.jpg,assets/posters/1124.jpg,1124,130,千万别眨眼
1271,300勇士,300,2006,7.0,"Action, Adventure, War","Actor 1, Actor 2, Actor 3, Actor 4, Actor 5",Various Directors,这部电影描述了人类史上最残酷的战争之一：温泉关之战。公元前 480 年，波斯国王薛西斯一世（罗德里格·桑托罗 Rodrigo Santoro 饰）亲率 30 万大军征战希腊。希腊各个城邦迅速派出军队结成了联军，准备抵御波斯军队的入侵。防线的最前线设在希腊的温泉关，此处由斯巴达 城的国王列奥尼达（杰拉德·巴特勒 Gerard Butler 饰）率领本城 300 精兵和联军 4000 余人镇守。由于叛徒的出卖，希腊军队被波斯军队抄到了身后形成围剿之势。列奥尼达为了保存联军实力，让联军首先撤退，自己率领 300 精兵死守温泉关断后。数以十万波斯大军浩浩汤汤蜂拥而至，自知必死的斯巴达士兵反而士气高涨，在战斗中爆发出惊人的战力。整个战争整整持续了 2 天，最后列奥尼达和他的 300 精兵全部阵亡，而波斯军队则损失了 20000 多士兵，薛西斯一世的两个兄弟也在此役中战死……,https://image.tmdb.org/t/p/w500/2YRNOdQMcWT9FhM7HijY9bIvJSl.jpg,assets/posters/1271.jpg,1271,116,勇者轰天 只为光荣而战
10193,玩具总动员3,Toy Story 3,2010,7.6,"Animation, Family, Comedy","Actor 1, Actor 2, Actor 3, Actor 4, Actor 5",Various Directors,安迪已经高中毕业了，即将成为大学生，而他的玩具，包括胡迪、巴斯光年都面临将要被放在阁楼上的命运。在他们被放到阁楼之前，却意外的被丢弃，并被一个清理垃圾的人所捡起。玩具们发现自己被带到了一个当地的日间托儿所，他们必须要在那儿想办法面对一群调皮且粗鲁的学龄前小孩。胡迪打算要带领他的朋友们逃离托儿所，并为自己和他们找到一个新的安身之处。但巴斯光年在一次尝试逃离的行动中受到了损伤，使得整件事情变得更复杂了……,https://image.tmdb.org/t/p/w500/wNzvuGYoGl0LdWdGeCUXQ47jNVQ.jpg,assets/posters/10193.jpg,10193,102,没有玩具被落下
57158,霍比特人2：史矛革之战,The Hobbit: The Desolation of Smaug,2013,7.6,"Fantasy, Adventure, Action","Actor 1, Actor 2, Actor 3, Actor 4, Actor 5",Various Directors,距离孤山越来越近，矮人远征军的道路却变得异常艰险。他们躲过了苍白半兽人的不懈追杀，在幽暗密林前和甘道夫（伊恩·麦凯伦 Ian McKellen 饰）兵分两路，后者前往多尔哥多探寻索伦的动向，而霍比特人比尔博·巴金斯（马丁·弗里曼 Martin John C. Freeman 饰）和矮人们先是遭到巨大蜘蛛的袭击，随后又被精灵王子莱戈拉斯（奥兰多·布鲁姆 Orlando Bloom 饰）及其木精灵同伴捕获。比尔博急中生智，利用魔戒救出伙伴，继而引发了木精灵、半兽人和矮人远征军之间精彩纷呈的三方会战。借助巴德（卢克·伊万斯 Luke Evans 饰）的帮助，疲惫的矮人们暂时落脚长湖镇。近在咫尺的孤山城堡，沉睡在财宝中的巨龙即将醒来……,https://image.tmdb.org/t/p/w500/gKjwAQt1q2M3P2WSjpt5NmIck1v.jpg,assets/posters/57158.jpg,57158,186,超越黑暗…除了荒凉…谎言是最大的危险。
1422,无间道风云,The Departed,2006,7.9,"Drama, Thriller, Crime","Actor 1, Actor 2, Actor 3, Actor 4, Actor 5",Various Directors,这部由马丁·斯科塞斯执导的硬派犯罪剧情片，将我们带入两名警察的人生：科林·沙利文（马特·达蒙 饰）精明而野心勃勃，看似在麻省州警精英特别调查组中拥有快速晋升通道，该部门的首要目标是势力庞大的爱尔兰黑帮头目弗兰克·卡斯特罗（杰克·尼科尔森 饰）。比利·科斯蒂根（莱昂纳多·迪卡普里奥 饰）熟知街头法则且强悍坚韧，却因被指暴力倾向而失去警徽，最终重回南波士顿的混乱街头，并被招募加入卡斯特罗的团伙。然而两人皆隐藏着真实身份，当他们在对立阵营中展开行动时，被迫卷入一场生死攸关的致命猫鼠游戏。[华纳兄弟],https://image.tmdb.org/t/p/w500/aiFgndjUBZA9MiMGAuIVxyNqTE5.jpg,assets/posters/1422.jpg,1422,151,警察还是罪犯。当你面对一把上膛的枪时，这二者又有何区别？
752,V字仇杀队,V for Vendetta,2006,7.7,"Action, Thriller, Sci-Fi","Actor 1, Actor 2, Actor 3, Actor 4, Actor 5",Various Directors,未来的英国社会处于极权统治的高压下，不能容许同性恋者、异教徒等社会角色的存在，人民在黑暗政权下苟延残喘。  这晚，年轻女子艾薇身陷险境，幸得V相助。V是一个永远带着面具的神秘男子，拥有高智商和超凡战斗力。他摧毁了伦敦的标志性建筑，同时也点燃了反政府的熊熊烈火。 艾薇在和V深入接触后，不仅得知了V的神秘使命，还渐渐发现了自己的身世，这也注定了自己和V会是同一条阵线的人。,https://image.tmdb.org/t/p/w500/kT5BSQFiPGkeQykMqGqv363oIwG.jpg,assets/posters/752.jpg,752,132,人民不应该害怕政府，相反的政府才需要畏惧人民
